yearqtr,Id_Rssd,BHCK2170
2000-06-30,1026632,34926378
2000-09-30,1026632,35507641
2000-12-31,1026632,38154765
2001-03-31,1026632,37229480
2001-06-30,1026632,35909181
2001-09-30,1026632,37130744
2001-12-31,1026632,40463921
2002-03-31,1026632,38821020
2002-06-30,1026632,37643129
2002-09-30,1026632,37568099
2002-12-31,1026632,39704560
2003-03-31,1026632,40440345
2003-06-30,1026632,41835993
2003-09-30,1026632,43760255
2003-12-31,1026632,45866220
2004-03-31,1026632,46284135
2004-06-30,1026632,47321417
2004-09-30,1026632,45934699
2004-12-31,1026632,47132922
2005-03-31,1026632,46404900
2005-06-30,1026632,46474987
2005-09-30,1026632,45372909
2005-12-31,1026632,47351142
2006-03-31,1026632,47622238
2006-06-30,1026632,46865684
2006-09-30,1026632,47139551
2006-12-31,1026632,48992466
2007-03-31,1026632,47277511
2007-06-30,1026632,49003812
2007-09-30,1026632,39309316
2012-03-31,1026632,111482000
2012-06-30,1026632,111816000
2012-09-30,1026632,117658000
2012-12-31,1026632,133637000
2013-03-31,1026632,133324000
2013-06-30,1026632,135907000
2013-09-30,1026632,140211000
2013-12-31,1026632,143642000
2014-03-31,1026632,144066000
2014-06-30,1026632,143401000
2014-09-30,1026632,147445000
2014-12-31,1026632,154642000
2015-03-31,1026632,160169000
2015-06-30,1026632,163627000
2015-09-30,1026632,170402000
2015-12-31,1026632,183718000
2016-03-31,1026632,190998000
2016-06-30,1026632,198052000
2016-09-30,1026632,209337000
2016-12-31,1026632,223383000
2017-03-31,1026632,227061000
1986-09-30,1037003,2675651
1986-12-31,1037003,4424695
1987-03-31,1037003,2948155
1987-06-30,1037003,3004546
1987-09-30,1037003,3018969
1987-12-31,1037003,5176716
1988-03-31,1037003,4999988
1988-06-30,1037003,5362719
1988-09-30,1037003,5613185
1988-12-31,1037003,5908060
1989-03-31,1037003,5959510
1989-06-30,1037003,5980024
1989-09-30,1037003,6196369
1989-12-31,1037003,6235097
1990-03-31,1037003,6526292
1990-06-30,1037003,6569065
1990-09-30,1037003,7922239
1990-12-31,1037003,7715385
1991-03-31,1037003,7390762
1991-06-30,1037003,9638439
1991-09-30,1037003,8805428
1991-12-31,1037003,9171066
1992-03-31,1037003,9018734
1992-06-30,1037003,8751677
1992-09-30,1037003,10265666
1992-12-31,1037003,9587931
1993-03-31,1037003,10423006
1993-06-30,1037003,10456807
1993-09-30,1037003,10930194
1993-12-31,1037003,10364958
1994-03-31,1037003,10414942
1994-06-30,1037003,10335638
1994-09-30,1037003,10300556
1994-12-31,1037003,10528644
1995-03-31,1037003,11276959
1995-06-30,1037003,11629620
1995-09-30,1037003,11753862
1995-12-31,1037003,11955902
1996-03-31,1037003,12670983
1996-06-30,1037003,12542357
1996-09-30,1037003,12820611
1996-12-31,1037003,12943915
1997-03-31,1037003,13122232
1997-06-30,1037003,13440995
1997-09-30,1037003,13675133
1997-12-31,1037003,14002935
1998-03-31,1037003,14570290
1998-06-30,1037003,20138045
1998-09-30,1037003,19478400
1998-12-31,1037003,20583891
1999-03-31,1037003,20284845
1999-06-30,1037003,21205452
1999-09-30,1037003,21759301
1999-12-31,1037003,22409115
2000-03-31,1037003,22761554
2000-06-30,1037003,21746100
2000-09-30,1037003,22008914
2000-12-31,1037003,28949456
2001-03-31,1037003,30924543
2001-06-30,1037003,31202146
2001-09-30,1037003,31139058
2001-12-31,1037003,31450196
2002-03-31,1037003,31295975
2002-06-30,1037003,31685531
2002-09-30,1037003,34148490
2002-12-31,1037003,33174525
2003-03-31,1037003,33443791
2003-06-30,1037003,50399108
2003-09-30,1037003,50258657
2003-12-31,1037003,49823636
2004-03-31,1037003,50832480
2004-06-30,1037003,52093709
2004-09-30,1037003,52886900
2004-12-31,1037003,52938721
2005-03-31,1037003,53887218
2005-06-30,1037003,54481946
2005-09-30,1037003,54841349
2005-12-31,1037003,55146406
2006-03-31,1037003,55419862
2006-06-30,1037003,56507088
2006-09-30,1037003,56373476
2006-12-31,1037003,57064905
2007-03-31,1037003,57842471
2007-06-30,1037003,57869069
2007-09-30,1037003,60008123
2007-12-31,1037003,64875639
2008-03-31,1037003,66085573
2008-06-30,1037003,65893428
2008-09-30,1037003,65247215
2008-12-31,1037003,65815757
2009-03-31,1037003,64883195
2009-06-30,1037003,69913217
2009-09-30,1037003,68997450
2009-12-31,1037003,68880399
2010-03-31,1037003,68439222
2010-06-30,1037003,68153616
2010-09-30,1037003,68246837
2010-12-31,1037003,68021263
2011-03-31,1037003,67881208
2011-06-30,1037003,77727154
2011-09-30,1037003,77863891
2011-12-31,1037003,77924287
2012-03-31,1037003,79184027
2012-06-30,1037003,80805775
2012-09-30,1037003,81085124
2012-12-31,1037003,82985468
2013-03-31,1037003,82794833
2013-06-30,1037003,83229005
2013-09-30,1037003,84427485
2013-12-31,1037003,85162391
2014-03-31,1037003,88530360
2014-06-30,1037003,90835002
2014-09-30,1037003,97230366
2014-12-31,1037003,96687224
2015-03-31,1037003,98379397
2015-06-30,1037003,97080076
2015-09-30,1037003,97797062
2015-12-31,1037003,122788785
2016-03-31,1037003,124625632
2016-06-30,1037003,123820584
2016-09-30,1037003,126841028
2016-12-31,1037003,123449206
1986-09-30,1039502,55994039
1986-12-31,1039502,60564000
1987-03-31,1039502,61041000
1987-06-30,1039502,78410000
1987-09-30,1039502,78022000
1987-12-31,1039502,78189000
1988-03-31,1039502,78775000
1988-06-30,1039502,75803000
1988-09-30,1039502,69752000
1988-12-31,1039502,67349000
1989-03-31,1039502,73998000
1989-06-30,1039502,75897000
1989-09-30,1039502,75761000
1989-12-31,1039502,71513000
1990-03-31,1039502,74150000
1990-06-30,1039502,75216000
1990-09-30,1039502,74444000
1990-12-31,1039502,73019000
1991-03-31,1039502,72489000
1991-06-30,1039502,74130000
1991-09-30,1039502,76884000
1991-12-31,1039502,138930000
1992-03-31,1039502,136171000
1992-06-30,1039502,142405000
1992-09-30,1039502,138833000
1992-12-31,1039502,139655000
1993-03-31,1039502,147495000
1993-06-30,1039502,145522000
1993-09-30,1039502,149408000
1993-12-31,1039502,149888000
1994-03-31,1039502,166037000
1994-06-30,1039502,168921000
1994-09-30,1039502,169334000
1994-12-31,1039502,171423000
1995-03-31,1039502,185281000
1995-06-30,1039502,178531000
1995-09-30,1039502,187853000
1995-12-31,1039502,182926000
1996-03-31,1039502,301984000
1996-06-30,1039502,321761000
1996-09-30,1039502,322604000
1996-12-31,1039502,336099000
1997-03-31,1039502,340338000
1997-06-30,1039502,352033000
1997-09-30,1039502,366574000
1997-12-31,1039502,365521000
1998-03-31,1039502,365715000
1998-06-30,1039502,366995000
1998-09-30,1039502,356450000
1998-12-31,1039502,365875000
1999-03-31,1039502,361258000
1999-06-30,1039502,356868000
1999-09-30,1039502,371044000
1999-12-31,1039502,406105000
2000-03-31,1039502,391484000
2000-06-30,1039502,396045000
2000-09-30,1039502,425816000
2000-12-31,1039502,715348000
2001-03-31,1039502,713624000
2001-06-30,1039502,712702000
2001-09-30,1039502,799300000
2001-12-31,1039502,693575000
2002-03-31,1039502,712508000
2002-06-30,1039502,740546000
2002-09-30,1039502,741759000
2002-12-31,1039502,758824000
2003-03-31,1039502,755175000
2003-06-30,1039502,802627000
2003-09-30,1039502,792714000
2003-12-31,1039502,770931000
2004-03-31,1039502,801078000
2004-06-30,1039502,817763000
2004-09-30,1039502,1138469000
2004-12-31,1039502,1157248000
2005-03-31,1039502,1178305000
2005-06-30,1039502,1171283000
2005-09-30,1039502,1203033000
2005-12-31,1039502,1198942000
2006-03-31,1039502,1273282000
2006-06-30,1039502,1328001000
2006-09-30,1039502,1338029000
2006-12-31,1039502,1351520000
2007-03-31,1039502,1408918000
2007-06-30,1039502,1458042000
2007-09-30,1039502,1479575000
2007-12-31,1039502,1562147000
2008-03-31,1039502,1642862000
2008-06-30,1039502,1775670000
2008-09-30,1039502,2251469000
2008-12-31,1039502,2175052000
2009-03-31,1039502,2079188000
2009-06-30,1039502,2026642000
2009-09-30,1039502,2041009000
2009-12-31,1039502,2031989000
2010-03-31,1039502,2135796000
2010-06-30,1039502,2014019000
2010-09-30,1039502,2141595000
2010-12-31,1039502,2117605000
2011-03-31,1039502,2198161000
2011-06-30,1039502,2246764000
2011-09-30,1039502,2289240000
2011-12-31,1039502,2265792000
2012-03-31,1039502,2320164000
2012-06-30,1039502,2290146000
2012-09-30,1039502,2321284000
2012-12-31,1039502,2359141000
2013-03-31,1039502,2389349000
2013-06-30,1039502,2439494000
2013-09-30,1039502,2463309000
2013-12-31,1039502,2415689000
2014-03-31,1039502,2476650000
2014-06-30,1039502,2519995000
2014-09-30,1039502,2526655000
2014-12-31,1039502,2572773000
2015-03-31,1039502,2577148000
2015-06-30,1039502,2447994000
2015-09-30,1039502,2417121000
2015-12-31,1039502,2351698000
2016-03-31,1039502,2423808000
2016-06-30,1039502,2466096000
2016-09-30,1039502,2521029000
2016-12-31,1039502,2490972000
1986-09-30,1068025,9055811
1986-12-31,1068025,9062607
1987-03-31,1068025,8633737
1987-06-30,1068025,8939012
1987-09-30,1068025,8839314
1987-12-31,1068025,9078475
1988-03-31,1068025,9247406
1988-06-30,1068025,9411328
1988-09-30,1068025,9613564
1988-12-31,1068025,10011050
1989-03-31,1068025,9868505
1989-06-30,1068025,9974634
1989-09-30,1068025,10202753
1989-12-31,1068025,10903327
1990-03-31,1068025,15466653
1990-06-30,1068025,15577486
1990-09-30,1068025,15631111
1990-12-31,1068025,26179023
1991-03-31,1068025,26257034
1991-06-30,1068025,26214362
1991-09-30,1068025,26029455
1991-12-31,1068025,25598985
1992-03-31,1068025,24465911
1992-06-30,1068025,23650224
1992-09-30,1068025,24582803
1992-12-31,1068025,25028289
1993-03-31,1068025,57876692
1993-06-30,1068025,57988406
1993-09-30,1068025,58184393
1993-12-31,1068025,59664114
1994-03-31,1068025,61475819
1994-06-30,1068025,63356581
1994-09-30,1068025,64500250
1994-12-31,1068025,66798104
1995-03-31,1068025,67708964
1995-06-30,1068025,67481192
1995-09-30,1068025,67967051
1995-12-31,1068025,66339085
1996-03-31,1068025,65051584
1996-06-30,1068025,64763778
1996-09-30,1068025,65355683
1996-12-31,1068025,67688320
1997-03-31,1068025,67953398
1997-06-30,1068025,70161137
1997-09-30,1068025,72638639
1997-12-31,1068025,73624498
1998-03-31,1068025,73269040
1998-06-30,1068025,75677015
1998-09-30,1068025,77798854
1998-12-31,1068025,79965677
1999-03-31,1068025,79859832
1999-06-30,1068025,80814367
1999-09-30,1068025,82399613
1999-12-31,1068025,83344107
2000-03-31,1068025,83454021
2000-06-30,1068025,84412035
2000-09-30,1068025,85161375
2000-12-31,1068025,87164924
2001-03-31,1068025,86142609
2001-06-30,1068025,85522573
2001-09-30,1068025,83916385
2001-12-31,1068025,80567015
2002-03-31,1068025,80726567
2002-06-30,1068025,82238349
2002-09-30,1068025,82989895
2002-12-31,1068025,84962782
2003-03-31,1068025,86178669
2003-06-30,1068025,85094846
2003-09-30,1068025,84025016
2003-12-31,1068025,84146964
2004-03-31,1068025,84023602
2004-06-30,1068025,85794644
2004-09-30,1068025,88086347
2004-12-31,1068025,90653059
2005-03-31,1068025,89927405
2005-06-30,1068025,91010081
2005-09-30,1068025,92308685
2005-12-31,1068025,92844997
2006-03-31,1068025,93076162
2006-06-30,1068025,94576311
2006-09-30,1068025,95682192
2006-12-31,1068025,92061129
2007-03-31,1068025,93075955
2007-06-30,1068025,93490903
2007-09-30,1068025,96829723
2007-12-31,1068025,99567393
2008-03-31,1068025,101596381
2008-06-30,1068025,101957764
2008-09-30,1068025,101494797
2008-12-31,1068025,105231004
2009-03-31,1068025,98371305
2009-06-30,1068025,98389472
2009-09-30,1068025,96985260
2009-12-31,1068025,93381546
2010-03-31,1068025,95260404
2010-06-30,1068025,94286771
2010-09-30,1068025,94073954
2010-12-31,1068025,91718216
2011-03-31,1068025,90311402
2011-06-30,1068025,88858600
2011-09-30,1068025,89405605
2011-12-31,1068025,88762571
2012-03-31,1068025,87569856
2012-06-30,1068025,86741424
2012-09-30,1068025,87302272
2012-12-31,1068025,89425613
2013-03-31,1068025,89441210
2013-06-30,1068025,90858779
2013-09-30,1068025,91016413
2013-12-31,1068025,92991716
2014-03-31,1068025,90928218
2014-06-30,1068025,91934784
2014-09-30,1068025,89884477
2014-12-31,1068025,93882115
2015-03-31,1068025,94296497
2015-06-30,1068025,94674550
2015-09-30,1068025,95476859
2015-12-31,1068025,95270648
2016-03-31,1068025,98570702
2016-06-30,1068025,101406977
2016-09-30,1068025,136228389
2016-12-31,1068025,136825848
1986-09-30,1068191,7016598
1986-12-31,1068191,7717915
1987-03-31,1068191,7492340
1987-06-30,1068191,7615546
1987-09-30,1068191,7914201
1987-12-31,1068191,8835915
1988-03-31,1068191,8369396
1988-06-30,1068191,8799826
1988-09-30,1068191,9031871
1988-12-31,1068191,9506004
1989-03-31,1068191,9758173
1989-06-30,1068191,10350615
1989-09-30,1068191,10179453
1989-12-31,1068191,11679762
1990-03-31,1068191,11591965
1990-06-30,1068191,11683988
1990-09-30,1068191,11889441
1990-12-31,1068191,11808785
1991-03-31,1068191,11655888
1991-06-30,1068191,12279438
1991-09-30,1068191,12226080
1991-12-31,1068191,12332576
1992-03-31,1068191,12785691
1992-06-30,1068191,12682016
1992-09-30,1068191,13522885
1992-12-31,1068191,16246526
1993-03-31,1068191,16367245
1993-06-30,1068191,17246374
1993-09-30,1068191,17483163
1993-12-31,1068191,17669262
1994-03-31,1068191,16531262
1994-06-30,1068191,16497715
1994-09-30,1068191,17050495
1994-12-31,1068191,17820871
1995-03-31,1068191,18148333
1995-06-30,1068191,19370768
1995-09-30,1068191,20173130
1995-12-31,1068191,20254598
1996-03-31,1068191,20137982
1996-06-30,1068191,20322983
1996-09-30,1068191,20565805
1996-12-31,1068191,20851513
1997-03-31,1068191,21603478
1997-06-30,1068191,21584242
1997-09-30,1068191,25576135
1997-12-31,1068191,26730540
1998-03-31,1068191,26808479
1998-06-30,1068191,28187219
1998-09-30,1068191,27355096
1998-12-31,1068191,28271666
1999-03-31,1068191,28577908
1999-06-30,1068191,28161080
1999-09-30,1068191,28974622
1999-12-31,1068191,28996660
2000-03-31,1068191,28407979
2000-06-30,1068191,28584363
2000-09-30,1068191,28577193
2000-12-31,1068191,28563059
2001-03-31,1068191,28441188
2001-06-30,1068191,27948150
2001-09-30,1068191,28312675
2001-12-31,1068191,28413445
2002-03-31,1068191,24725679
2002-06-30,1068191,25348741
2002-09-30,1068191,26694465
2002-12-31,1068191,27555522
2003-03-31,1068191,27915334
2003-06-30,1068191,28342517
2003-09-30,1068191,30145494
2003-12-31,1068191,30565542
2004-03-31,1068191,31214021
2004-06-30,1068191,31485745
2004-09-30,1068191,31807491
2004-12-31,1068191,32566899
2005-03-31,1068191,32175286
2005-06-30,1068191,32982823
2005-09-30,1068191,32749538
2005-12-31,1068191,32758006
2006-03-31,1068191,35664134
2006-06-30,1068191,36282351
2006-09-30,1068191,35755596
2006-12-31,1068191,35330726
2007-03-31,1068191,34979265
2007-06-30,1068191,36422081
2007-09-30,1068191,55303286
2007-12-31,1068191,54629164
2008-03-31,1068191,55985225
2008-06-30,1068191,55309866
2008-09-30,1068191,54669893
2008-12-31,1068191,54355998
2009-03-31,1068191,51803676
2009-06-30,1068191,51485101
2009-09-30,1068191,52510852
2009-12-31,1068191,51554989
2010-03-31,1068191,51866804
2010-06-30,1068191,51771443
2010-09-30,1068191,53247308
2010-12-31,1068191,53801954
2011-03-31,1068191,52948510
2011-06-30,1068191,53050039
2011-09-30,1068191,54978707
2011-12-31,1068191,54450652
2012-03-31,1068191,55876654
2012-06-30,1068191,56622959
2012-09-30,1068191,56443000
2012-12-31,1068191,56153185
2013-03-31,1068191,56054966
2013-06-30,1068191,56113687
2013-09-30,1068191,56648251
2013-12-31,1068191,59476344
2014-03-31,1068191,61145753
2014-06-30,1068191,63797113
2014-09-30,1068191,64330629
2014-12-31,1068191,66298010
2015-03-31,1068191,68002661
2015-06-30,1068191,68845648
2015-09-30,1068191,70210178
2015-12-31,1068191,71044551
2016-03-31,1068191,72644967
2016-06-30,1068191,73954016
2016-09-30,1068191,100765412
2016-12-31,1068191,99714097
2017-03-31,1068191,100045506
1986-09-30,1069778,20871226
1986-12-31,1069778,26973412
1987-03-31,1069778,27151992
1987-06-30,1069778,28256323
1987-09-30,1069778,29858893
1987-12-31,1069778,36616938
1988-03-31,1069778,36640109
1988-06-30,1069778,36664063
1988-09-30,1069778,37966387
1988-12-31,1069778,42807930
1989-03-31,1069778,42194222
1989-06-30,1069778,41752755
1989-09-30,1069778,43155659
1989-12-31,1069778,45710068
1990-03-31,1069778,46710247
1990-06-30,1069778,47858597
1990-09-30,1069778,45684165
1990-12-31,1069778,45674409
1991-03-31,1069778,44545772
1991-06-30,1069778,43473570
1991-09-30,1069778,42440584
1991-12-31,1069778,45192889
1992-03-31,1069778,44381875
1992-06-30,1069778,45536443
1992-09-30,1069778,46894278
1992-12-31,1069778,51523011
1993-03-31,1069778,51233424
1993-06-30,1069778,53317150
1993-09-30,1069778,52338657
1993-12-31,1069778,61944946
1994-03-31,1069778,61252769
1994-06-30,1069778,64021891
1994-09-30,1069778,64052573
1994-12-31,1069778,77550686
1995-03-31,1069778,75814971
1995-06-30,1069778,76482283
1995-09-30,1069778,75198208
1995-12-31,1069778,73506886
1996-03-31,1069778,72684098
1996-06-30,1069778,72102425
1996-09-30,1069778,69637138
1996-12-31,1069778,73173583
1997-03-31,1069778,71272559
1997-06-30,1069778,71981124
1997-09-30,1069778,71729206
1997-12-31,1069778,75100908
1998-03-31,1069778,72480347
1998-06-30,1069778,75918425
1998-09-30,1069778,76253071
1998-12-31,1069778,77231940
1999-03-31,1069778,74907505
1999-06-30,1069778,75575141
1999-09-30,1069778,72995146
1999-12-31,1069778,75427750
2000-03-31,1069778,74320833
2000-06-30,1069778,75746712
2000-09-30,1069778,69938144
2000-12-31,1069778,69915985
2001-03-31,1069778,71016788
2001-06-30,1069778,70018773
2001-09-30,1069778,71847674
2001-12-31,1069778,69570206
2002-03-31,1069778,66582915
2002-06-30,1069778,66937685
2002-09-30,1069778,67804345
2002-12-31,1069778,66409507
2003-03-31,1069778,68629625
2003-06-30,1069778,67281081
2003-09-30,1069778,68689812
2003-12-31,1069778,68193348
2004-03-31,1069778,74123297
2004-06-30,1069778,73141914
2004-09-30,1069778,77310144
2004-12-31,1069778,79742776
2005-03-31,1069778,83392942
2005-06-30,1069778,90809278
2005-09-30,1069778,93253039
2005-12-31,1069778,91992332
2006-03-31,1069778,93308063
2006-06-30,1069778,94937396
2006-09-30,1069778,98464925
2006-12-31,1069778,101854178
2007-03-31,1069778,122586871
2007-06-30,1069778,125736711
2007-09-30,1069778,131477883
2007-12-31,1069778,138976249
2008-03-31,1069778,140026464
2008-06-30,1069778,142791491
2008-09-30,1069778,145644536
2008-12-31,1069778,291092876
2009-03-31,1069778,286472490
2009-06-30,1069778,279788303
2009-09-30,1069778,271449905
2009-12-31,1069778,269921958
2010-03-31,1069778,265432977
2010-06-30,1069778,261769262
2010-09-30,1069778,260174102
2010-12-31,1069778,264414112
2011-03-31,1069778,259500612
2011-06-30,1069778,263259894
2011-09-30,1069778,269555466
2011-12-31,1069778,271407158
2012-03-31,1069778,296119070
2012-06-30,1069778,299712018
2012-09-30,1069778,301077311
2012-12-31,1069778,305285879
2013-03-31,1069778,300945933
2013-06-30,1069778,304547667
2013-09-30,1069778,308912603
2013-12-31,1069778,320596232
2014-03-31,1069778,323586973
2014-06-30,1069778,327251474
2014-09-30,1069778,334602342
2014-12-31,1069778,345243081
2015-03-31,1069778,351162105
2015-06-30,1069778,354201925
2015-09-30,1069778,362137164
2015-12-31,1069778,358690085
2016-03-31,1069778,361187040
2016-06-30,1069778,361528406
2016-09-30,1069778,369441905
2016-12-31,1069778,366872249
1986-09-30,1070345,3207136
1986-12-31,1070345,3496983
1987-03-31,1070345,3495477
1987-06-30,1070345,3643914
1987-09-30,1070345,3785754
1987-12-31,1070345,4055045
1988-03-31,1070345,4458070
1988-06-30,1070345,4484519
1988-09-30,1070345,4907030
1988-12-31,1070345,5248700
1989-03-31,1070345,5361331
1989-06-30,1070345,5489891
1989-09-30,1070345,5730303
1989-12-31,1070345,7146207
1990-03-31,1070345,7041896
1990-06-30,1070345,7356366
1990-09-30,1070345,7671155
1990-12-31,1070345,7958218
1991-03-31,1070345,8046600
1991-06-30,1070345,8296206
1991-09-30,1070345,8817197
1991-12-31,1070345,8819126
1992-03-31,1070345,9103878
1992-06-30,1070345,9516872
1992-09-30,1070345,9887895
1992-12-31,1070345,10232398
1993-03-31,1070345,10479240
1993-06-30,1070345,10923186
1993-09-30,1070345,11379458
1993-12-31,1070345,11981117
1994-03-31,1070345,12528275
1994-06-30,1070345,12772057
1994-09-30,1070345,14295669
1994-12-31,1070345,14972620
1995-03-31,1070345,15607622
1995-06-30,1070345,16178337
1995-09-30,1070345,17161765
1995-12-31,1070345,17056601
1996-03-31,1070345,18854129
1996-06-30,1070345,19855498
1996-09-30,1070345,20086988
1996-12-31,1070345,20548998
1997-03-31,1070345,20175697
1997-06-30,1070345,20694518
1997-09-30,1070345,20927002
1997-12-31,1070345,21375054
1998-03-31,1070345,22856499
1998-06-30,1070345,28292682
1998-09-30,1070345,28332820
1998-12-31,1070345,28921782
1999-03-31,1070345,29652198
1999-06-30,1070345,31628421
1999-09-30,1070345,32998654
1999-12-31,1070345,41589512
2000-03-31,1070345,44388765
2000-06-30,1070345,44723932
2000-09-30,1070345,44395900
2000-12-31,1070345,45856906
2001-03-31,1070345,47014747
2001-06-30,1070345,69833640
2001-09-30,1070345,70118176
2001-12-31,1070345,71026340
2002-03-31,1070345,70618618
2002-06-30,1070345,74923337
2002-09-30,1070345,77700740
2002-12-31,1070345,80899212
2003-03-31,1070345,84291659
2003-06-30,1070345,88974290
2003-09-30,1070345,89422223
2003-12-31,1070345,91143023
2004-03-31,1070345,93732210
2004-06-30,1070345,95613539
2004-09-30,1070345,98293074
2004-12-31,1070345,94455731
2005-03-31,1070345,102712960
2005-06-30,1070345,103159676
2005-09-30,1070345,104608232
2005-12-31,1070345,105225054
2006-03-31,1070345,105044474
2006-06-30,1070345,106110513
2006-09-30,1070345,105828398
2006-12-31,1070345,100669263
2007-03-31,1070345,99823708
2007-06-30,1070345,101389721
2007-09-30,1070345,104265371
2007-12-31,1070345,110961509
2008-03-31,1070345,111396404
2008-06-30,1070345,114974981
2008-09-30,1070345,116294077
2008-12-31,1070345,119763812
2009-03-31,1070345,119312668
2009-06-30,1070345,115983653
2009-09-30,1070345,110740377
2009-12-31,1070345,113379555
2010-03-31,1070345,112651313
2010-06-30,1070345,112025234
2010-09-30,1070345,112322078
2010-12-31,1070345,111006778
2011-03-31,1070345,110484945
2011-06-30,1070345,110804760
2011-09-30,1070345,114904741
2011-12-31,1070345,116249689
2012-03-31,1070345,116154886
2012-06-30,1070345,117087604
2012-09-30,1070345,117032505
2012-12-31,1070345,121500604
2013-03-31,1070345,120789641
2013-06-30,1070345,122642935
2013-09-30,1070345,124939419
2013-12-31,1070345,129685180
2014-03-31,1070345,129654487
2014-06-30,1070345,132562382
2014-09-30,1070345,134187722
2014-12-31,1070345,138705640
2015-03-31,1070345,140469916
2015-06-30,1070345,141658130
2015-09-30,1070345,141917763
2015-12-31,1070345,141082059
2016-03-31,1070345,142430207
2016-06-30,1070345,143625325
2016-09-30,1070345,143278886
2016-12-31,1070345,142176830
2017-03-31,1070345,140199626
1986-09-30,1073757,25170305
1986-12-31,1073757,27472434
1987-03-31,1073757,25808357
1987-06-30,1073757,24624128
1987-09-30,1073757,27911381
1987-12-31,1073757,29238618
1988-03-31,1073757,29171637
1988-06-30,1073757,28801427
1988-09-30,1073757,28712279
1988-12-31,1073757,29972431
1989-03-31,1073757,32395021
1989-06-30,1073757,32952692
1989-09-30,1073757,59712342
1989-12-31,1073757,66494331
1990-03-31,1073757,63683396
1990-06-30,1073757,66187512
1990-09-30,1073757,69224288
1990-12-31,1073757,65284515
1991-03-31,1073757,66243183
1991-06-30,1073757,69124746
1991-09-30,1073757,70152476
1991-12-31,1073757,110567384
1992-03-31,1073757,112985242
1992-06-30,1073757,111206122
1992-09-30,1073757,118669684
1992-12-31,1073757,119805469
1993-03-31,1073757,121968400
1993-06-30,1073757,124384858
1993-09-30,1073757,141966322
1993-12-31,1073757,159740458
1994-03-31,1073757,166060795
1994-06-30,1073757,164397647
1994-09-30,1073757,170912043
1994-12-31,1073757,169603816
1995-03-31,1073757,183854356
1995-06-30,1073757,184188409
1995-09-30,1073757,182138438
1995-12-31,1073757,187297702
1996-03-31,1073757,194374577
1996-06-30,1073757,192308412
1996-09-30,1073757,187670563
1996-12-31,1073757,185794045
1997-03-31,1073757,238958119
1997-06-30,1073757,240362248
1997-09-30,1073757,242436684
1997-12-31,1073757,264562336
1998-03-31,1073757,314502729
1998-06-30,1073757,307985000
1998-09-30,1073757,594673000
1998-12-31,1073757,617679000
1999-03-31,1073757,614245000
1999-06-30,1073757,614102000
1999-09-30,1073757,620652000
1999-12-31,1073757,632574000
2000-03-31,1073757,656113000
2000-06-30,1073757,679538000
2000-09-30,1073757,671725000
2000-12-31,1073757,642191000
2001-03-31,1073757,609756000
2001-06-30,1073757,625524000
2001-09-30,1073757,640105000
2001-12-31,1073757,621722000
2002-03-31,1073757,619921000
2002-06-30,1073757,638448000
2002-09-30,1073757,660007000
2002-12-31,1073757,660499000
2003-03-31,1073757,679765000
2003-06-30,1073757,769179000
2003-09-30,1073757,736935000
2003-12-31,1073757,736382656
2004-03-31,1073757,819841647
2004-06-30,1073757,1039764440
2004-09-30,1073757,1089312372
2004-12-31,1073757,1112011068
2005-03-31,1073757,1213691098
2005-06-30,1073757,1251045863
2005-09-30,1073757,1256087092
2005-12-31,1073757,1294319671
2006-03-31,1073757,1375923314
2006-06-30,1073757,1447538298
2006-09-30,1073757,1451603528
2006-12-31,1073757,1463685485
2007-03-31,1073757,1509618809
2007-06-30,1073757,1535684280
2007-09-30,1073757,1582330249
2007-12-31,1073757,1720688423
2008-03-31,1073757,1743478291
2008-06-30,1073757,1723269816
2008-09-30,1073757,1836452425
2008-12-31,1073757,1822068028
2009-03-31,1073757,2323415454
2009-06-30,1073757,2256059674
2009-09-30,1073757,2252813550
2009-12-31,1073757,2231472659
2010-03-31,1073757,2346600744
2010-06-30,1073757,2370594235
2010-09-30,1073757,2341160426
2010-12-31,1073757,2268347377
2011-03-31,1073757,2276418250
2011-06-30,1073757,2264435837
2011-09-30,1073757,2221386576
2011-12-31,1073757,2136577907
2012-03-31,1073757,2180055682
2012-06-30,1073757,2162083396
2012-09-30,1073757,2168023105
2012-12-31,1073757,2212004452
2013-03-31,1073757,2176625000
2013-06-30,1073757,2125686000
2013-09-30,1073757,2128706000
2013-12-31,1073757,2104995000
2014-03-31,1073757,2152533000
2014-06-30,1073757,2172001000
2014-09-30,1073757,2126138000
2014-12-31,1073757,2106796000
2015-03-31,1073757,2145027000
2015-06-30,1073757,2152082000
2015-09-30,1073757,2154342000
2015-12-31,1073757,2147391000
2016-03-31,1073757,2188633000
2016-06-30,1073757,2189811000
2016-09-30,1073757,2198884000
2016-12-31,1073757,2189266000
1986-09-30,1074156,1594153
1986-12-31,1074156,1840005
1987-03-31,1074156,1844619
1987-06-30,1074156,1899843
1987-09-30,1074156,2056640
1987-12-31,1074156,2268533
1988-03-31,1074156,2392129
1988-06-30,1074156,2433852
1988-09-30,1074156,2463349
1988-12-31,1074156,2601084
1989-03-31,1074156,2664164
1989-06-30,1074156,2786618
1989-09-30,1074156,2906910
1989-12-31,1074156,2924424
1990-03-31,1074156,3017332
1990-06-30,1074156,3072068
1990-09-30,1074156,3378973
1990-12-31,1074156,3342244
1991-03-31,1074156,3424620
1991-06-30,1074156,3501331
1991-09-30,1074156,3736341
1991-12-31,1074156,3729699
1992-03-31,1074156,4294559
1992-06-30,1074156,4419744
1992-09-30,1074156,4532383
1992-12-31,1074156,4595850
1993-03-31,1074156,5099712
1993-06-30,1074156,5144198
1993-09-30,1074156,5440666
1993-12-31,1074156,5903053
1994-03-31,1074156,8115261
1994-06-30,1074156,8286057
1994-09-30,1074156,8532618
1994-12-31,1074156,8764816
1995-03-31,1074156,19892337
1995-06-30,1074156,20649549
1995-09-30,1074156,20676073
1995-12-31,1074156,20492929
1996-03-31,1074156,20174126
1996-06-30,1074156,20556137
1996-09-30,1074156,21096557
1996-12-31,1074156,21246562
1997-03-31,1074156,22052195
1997-06-30,1074156,22972164
1997-09-30,1074156,27212111
1997-12-31,1074156,29177600
1998-03-31,1074156,31535710
1998-06-30,1074156,31543275
1998-09-30,1074156,33875788
1998-12-31,1074156,34427227
1999-03-31,1074156,37791490
1999-06-30,1074156,39184864
1999-09-30,1074156,41649596
1999-12-31,1074156,43480996
2000-03-31,1074156,46629171
2000-06-30,1074156,48796118
2000-09-30,1074156,56671181
2000-12-31,1074156,59340228
2001-03-31,1074156,62120304
2001-06-30,1074156,64733769
2001-09-30,1074156,70309046
2001-12-31,1074156,70869945
2002-03-31,1074156,74949720
2002-06-30,1074156,76333441
2002-09-30,1074156,78186831
2002-12-31,1074156,80216816
2003-03-31,1074156,79647890
2003-06-30,1074156,80444806
2003-09-30,1074156,90355131
2003-12-31,1074156,90466613
2004-03-31,1074156,94281503
2004-06-30,1074156,97348285
2004-09-30,1074156,97880397
2004-12-31,1074156,100508641
2005-03-31,1074156,102015086
2005-06-30,1074156,105835324
2005-09-30,1074156,107080153
2005-12-31,1074156,109169759
2006-03-31,1074156,110033689
2006-06-30,1074156,116283730
2006-09-30,1074156,118523897
2006-12-31,1074156,121351065
2007-03-31,1074156,121694315
2007-06-30,1074156,127577050
2007-09-30,1074156,130781281
2007-12-31,1074156,132617601
2008-03-31,1074156,136417064
2008-06-30,1074156,136465302
2008-09-30,1074156,137040900
2008-12-31,1074156,152015025
2009-03-31,1074156,143424861
2009-06-30,1074156,152398410
2009-09-30,1074156,165329114
2009-12-31,1074156,165764218
2010-03-31,1074156,163700076
2010-06-30,1074156,155083058
2010-09-30,1074156,157230367
2010-12-31,1074156,157081396
2011-03-31,1074156,157039118
2011-06-30,1074156,159309671
2011-09-30,1074156,167676889
2011-12-31,1074156,174579294
2012-03-31,1074156,174751894
2012-06-30,1074156,178529372
2012-09-30,1074156,182021371
2012-12-31,1074156,183872371
2013-03-31,1074156,180836757
2013-06-30,1074156,182735153
2013-09-30,1074156,181050008
2013-12-31,1074156,183009992
2014-03-31,1074156,184651158
2014-06-30,1074156,188012330
2014-09-30,1074156,187021509
2014-12-31,1074156,186813987
2015-03-31,1074156,189227838
2015-06-30,1074156,191017482
2015-09-30,1074156,208808671
2015-12-31,1074156,209947022
2016-03-31,1074156,212405266
2016-06-30,1074156,221858615
2016-09-30,1074156,222622299
2016-12-31,1074156,219276323
2017-03-31,1074156,220500518
1986-09-30,1111435,6172269
1986-12-31,1111435,7189818
1987-03-31,1111435,7009899
1987-06-30,1111435,7055290
1987-09-30,1111435,7368474
1987-12-31,1111435,6955225
1988-03-31,1111435,7325062
1988-06-30,1111435,7810716
1988-09-30,1111435,7212540
1988-12-31,1111435,8371952
1989-03-31,1111435,7818710
1989-06-30,1111435,8300634
1989-09-30,1111435,8160410
1989-12-31,1111435,9983041
1990-03-31,1111435,10376152
1990-06-30,1111435,10306076
1990-09-30,1111435,11592115
1990-12-31,1111435,11650918
1991-03-31,1111435,10943967
1991-06-30,1111435,11730057
1991-09-30,1111435,13326397
1991-12-31,1111435,15046301
1992-03-31,1111435,15451170
1992-06-30,1111435,17010909
1992-09-30,1111435,16662859
1992-12-31,1111435,16489828
1993-03-31,1111435,17677474
1993-06-30,1111435,18169769
1993-09-30,1111435,19299770
1993-12-31,1111435,18720123
1994-03-31,1111435,22369709
1994-06-30,1111435,21777651
1994-09-30,1111435,22358390
1994-12-31,1111435,21743817
1995-03-31,1111435,23542095
1995-06-30,1111435,25570368
1995-09-30,1111435,25534236
1995-12-31,1111435,25785216
1996-03-31,1111435,27229214
1996-06-30,1111435,28943720
1996-09-30,1111435,28447857
1996-12-31,1111435,31524073
1997-03-31,1111435,33631038
1997-06-30,1111435,36685979
1997-09-30,1111435,36091955
1997-12-31,1111435,37975147
1998-03-31,1111435,39009813
1998-06-30,1111435,46710831
1998-09-30,1111435,50607194
1998-12-31,1111435,47081586
1999-03-31,1111435,49750681
1999-06-30,1111435,53331671
1999-09-30,1111435,54973658
1999-12-31,1111435,60898895
2000-03-31,1111435,60531598
2000-06-30,1111435,64631978
2000-09-30,1111435,64979824
2000-12-31,1111435,69298347
2001-03-31,1111435,67605169
2001-06-30,1111435,70317346
2001-09-30,1111435,73176197
2001-12-31,1111435,69895857
2002-03-31,1111435,73299137
2002-06-30,1111435,79342022
2002-09-30,1111435,77556420
2002-12-31,1111435,85793809
2003-03-31,1111435,79109036
2003-06-30,1111435,83102175
2003-09-30,1111435,81775678
2003-12-31,1111435,87534065
2004-03-31,1111435,92895673
2004-06-30,1111435,94139945
2004-09-30,1111435,100526517
2004-12-31,1111435,94047042
2005-03-31,1111435,100114024
2005-06-30,1111435,104275118
2005-09-30,1111435,104052076
2005-12-31,1111435,97995766
2006-03-31,1111435,104186982
2006-06-30,1111435,102586312
2006-09-30,1111435,112341939
2006-12-31,1111435,107385095
2007-03-31,1111435,110091129
2007-06-30,1111435,112345777
2007-09-30,1111435,140085020
2007-12-31,1111435,142936851
2008-03-31,1111435,154478813
2008-06-30,1111435,146517251
2008-09-30,1111435,286712268
2008-12-31,1111435,176632334
2009-03-31,1111435,144857705
2009-06-30,1111435,152921189
2009-09-30,1111435,162730469
2009-12-31,1111435,156755765
2010-03-31,1111435,152881394
2010-06-30,1111435,160664212
2010-09-30,1111435,171494202
2010-12-31,1111435,158890975
2011-03-31,1111435,170236334
2011-06-30,1111435,188984931
2011-09-30,1111435,207175585
2011-12-31,1111435,216435818
2012-03-31,1111435,187609651
2012-06-30,1111435,200368976
2012-09-30,1111435,204143938
2012-12-31,1111435,222229483
2013-03-31,1111435,217852811
2013-06-30,1111435,226985363
2013-09-30,1111435,216751956
2013-12-31,1111435,243028090
2014-03-31,1111435,256672720
2014-06-30,1111435,282324972
2014-09-30,1111435,274815393
2014-12-31,1111435,274119072
2015-03-31,1111435,279480161
2015-06-30,1111435,294570652
2015-09-30,1111435,247273625
2015-12-31,1111435,245198879
2016-03-31,1111435,243685368
2016-06-30,1111435,255396733
2016-09-30,1111435,256145013
2016-12-31,1111435,242709356
2017-03-31,1111435,236805204
1986-09-30,1113514,10666826
1986-12-31,1113514,11690346
1987-03-31,1113514,11530436
1987-06-30,1113514,11333309
1987-09-30,1113514,11684514
1987-12-31,1113514,12013668
1988-03-31,1113514,24505020
1988-06-30,1113514,25127818
1988-09-30,1113514,25504997
1988-12-31,1113514,29052205
1989-03-31,1113514,28672579
1989-06-30,1113514,29223388
1989-09-30,1113514,31373633
1989-12-31,1113514,33440789
1990-03-31,1113514,36524044
1990-06-30,1113514,34120215
1990-09-30,1113514,33604404
1990-12-31,1113514,32507013
1991-03-31,1113514,32562943
1991-06-30,1113514,32033157
1991-09-30,1113514,46209836
1991-12-31,1113514,45597238
1992-03-31,1113514,45372874
1992-06-30,1113514,44894059
1992-09-30,1113514,45606821
1992-12-31,1113514,47121467
1993-03-31,1113514,45015528
1993-06-30,1113514,44871021
1993-09-30,1113514,46932236
1993-12-31,1113514,47914440
1994-03-31,1113514,46429451
1994-06-30,1113514,48169761
1994-09-30,1113514,47008162
1994-12-31,1113514,48727373
1995-03-31,1113514,82172882
1995-06-30,1113514,87494469
1995-09-30,1113514,83802831
1995-12-31,1113514,84973107
1996-03-31,1113514,72426745
1996-06-30,1113514,88095930
1996-09-30,1113514,87500934
1996-12-31,1113514,85554686
1997-03-31,1113514,81975029
1997-06-30,1113514,83691892
1997-09-30,1113514,83921048
1997-12-31,1113514,85690173
1998-03-31,1113514,97823375
1998-06-30,1113514,100817000
1998-09-30,1113514,99589000
1998-12-31,1113514,104554000
1999-03-31,1113514,106339000
1999-06-30,1113514,106948000
1999-09-30,1113514,108399000
1999-12-31,1113514,190692000
2000-03-31,1113514,187814000
2000-06-30,1113514,181259000
2000-09-30,1113514,179093000
2000-12-31,1113514,179519000
2001-03-31,1113514,211741000
2001-06-30,1113514,202113000
2001-09-30,1113514,201862000
2001-12-31,1113514,203638000
2002-03-31,1113514,192032000
2002-06-30,1113514,191206000
2002-09-30,1113514,187327000
2002-12-31,1113514,190589000
2003-03-31,1113514,199426000
2003-06-30,1113514,197248000
2003-09-30,1113514,196508000
2003-12-31,1113514,200356000
2004-03-31,1113514,199790000
1986-09-30,1119794,26125498
1986-12-31,1119794,28011495
1987-03-31,1119794,28385084
1987-06-30,1119794,28405762
1987-09-30,1119794,27482599
1987-12-31,1119794,26849592
1988-03-31,1119794,25580660
1988-06-30,1119794,25925412
1988-09-30,1119794,26316498
1988-12-31,1119794,24247706
1989-03-31,1119794,21868639
1989-06-30,1119794,22355180
1989-09-30,1119794,22140358
1989-12-31,1119794,20820243
1990-03-31,1119794,20248917
1990-06-30,1119794,19425193
1990-09-30,1119794,19180795
1990-12-31,1119794,19000661
1991-03-31,1119794,17319250
1991-06-30,1119794,17018332
1991-09-30,1119794,17877752
1991-12-31,1119794,18301014
1992-03-31,1119794,18025000
1992-06-30,1119794,17766000
1992-09-30,1119794,18133000
1992-12-31,1119794,23452000
1993-03-31,1119794,22199000
1993-06-30,1119794,25580000
1993-09-30,1119794,25941000
1993-12-31,1119794,26385000
1994-03-31,1119794,26509000
1994-06-30,1119794,25932000
1994-09-30,1119794,26330000
1994-12-31,1119794,26219000
1995-03-31,1119794,32712000
1995-06-30,1119794,33456000
1995-09-30,1119794,32958000
1995-12-31,1119794,33874000
1996-03-31,1119794,36572000
1996-06-30,1119794,36184000
1996-09-30,1119794,36843000
1996-12-31,1119794,36489000
1997-03-31,1119794,3.6e+07
1997-06-30,1119794,37729000
1997-09-30,1119794,70174000
1997-12-31,1119794,71295000
1998-03-31,1119794,70949000
1998-06-30,1119794,73750000
1998-09-30,1119794,73884000
1998-12-31,1119794,76438000
1999-03-31,1119794,76110000
1999-06-30,1119794,77390000
1999-09-30,1119794,77036000
1999-12-31,1119794,81530000
2000-03-31,1119794,83072000
2000-06-30,1119794,86174000
2000-09-30,1119794,86349000
2000-12-31,1119794,87336000
2001-03-31,1119794,160274000
2001-06-30,1119794,165156000
2001-09-30,1119794,167830000
2001-12-31,1119794,171390000
2002-03-31,1119794,164745000
2002-06-30,1119794,172956000
2002-09-30,1119794,174006000
2002-12-31,1119794,180027000
2003-03-31,1119794,182231000
2003-06-30,1119794,194899000
2003-09-30,1119794,188835000
2003-12-31,1119794,189286000
2004-03-31,1119794,192093000
2004-06-30,1119794,190230000
2004-09-30,1119794,192844000
2004-12-31,1119794,195104000
2005-03-31,1119794,198466000
2005-06-30,1119794,203981000
2005-09-30,1119794,206895000
2005-12-31,1119794,209465000
2006-03-31,1119794,209907000
2006-06-30,1119794,213405000
2006-09-30,1119794,216855000
2006-12-31,1119794,219232000
2007-03-31,1119794,221448000
2007-06-30,1119794,222530000
2007-09-30,1119794,227628000
2007-12-31,1119794,237615000
2008-03-31,1119794,241781000
2008-06-30,1119794,246538000
2008-09-30,1119794,247055000
2008-12-31,1119794,267032000
2009-03-31,1119794,263624000
2009-06-30,1119794,265560000
2009-09-30,1119794,265058000
2009-12-31,1119794,281176000
2010-03-31,1119794,282428000
2010-06-30,1119794,283243000
2010-09-30,1119794,290654000
2010-12-31,1119794,307786000
2011-03-31,1119794,311462000
2011-06-30,1119794,320874000
2011-09-30,1119794,330141000
2011-12-31,1119794,340122000
2012-03-31,1119794,340762000
2012-06-30,1119794,353136000
2012-09-30,1119794,352253000
2012-12-31,1119794,353855000
2013-03-31,1119794,355447000
2013-06-30,1119794,353415000
2013-09-30,1119794,360681000
2013-12-31,1119794,364021000
2014-03-31,1119794,371289000
2014-06-30,1119794,389065000
2014-09-30,1119794,391284000
2014-12-31,1119794,402529000
2015-03-31,1119794,410233000
2015-06-30,1119794,419075000
2015-09-30,1119794,415943000
2015-12-31,1119794,421853000
2016-03-31,1119794,428638000
2016-06-30,1119794,438463000
2016-09-30,1119794,454134000
2016-12-31,1119794,445964000
2017-03-31,1119794,449522000
1986-09-30,1120754,19602100
1986-12-31,1120754,21539400
1987-03-31,1120754,20292900
1987-06-30,1120754,20429300
1987-09-30,1120754,20100000
1987-12-31,1120754,20871400
1988-03-31,1120754,20553300
1988-06-30,1120754,21345400
1988-09-30,1120754,21626700
1988-12-31,1120754,21949000
1989-03-31,1120754,21099100
1989-06-30,1120754,23122100
1989-09-30,1120754,23951300
1989-12-31,1120754,24334700
1990-03-31,1120754,24681200
1990-06-30,1120754,26769600
1990-09-30,1120754,26680400
1990-12-31,1120754,30625900
1991-03-31,1120754,30654100
1991-06-30,1120754,37072400
1991-09-30,1120754,37719600
1991-12-31,1120754,40293300
1992-03-31,1120754,41217100
1992-06-30,1120754,40575100
1992-09-30,1120754,41043100
1992-12-31,1120754,44557100
1993-03-31,1120754,45517400
1993-06-30,1120754,47790000
1993-09-30,1120754,50387900
1993-12-31,1120754,50782300
1994-03-31,1120754,55328200
1994-06-30,1120754,55756800
1994-09-30,1120754,56565400
1994-12-31,1120754,59315900
1995-03-31,1120754,61845100
1995-06-30,1120754,66623000
1995-09-30,1120754,71411900
1995-12-31,1120754,72134400
1996-03-31,1120754,73942100
1996-06-30,1120754,77849300
1996-09-30,1120754,78427600
1996-12-31,1120754,80175400
1997-03-31,1120754,83580300
1997-06-30,1120754,83856300
1997-09-30,1120754,85252200
1997-12-31,1120754,88540200
1998-03-31,1120754,96093700
1998-06-30,1120754,93153300
1998-09-30,1120754,103727000
1998-12-31,1120754,202475000
1999-03-31,1120754,201430000
1999-06-30,1120754,205421000
1999-09-30,1120754,207060000
1999-12-31,1120754,218102000
2000-03-31,1120754,222276000
2000-06-30,1120754,234159000
2000-09-30,1120754,241119000
2000-12-31,1120754,272426000
2001-03-31,1120754,279670000
2001-06-30,1120754,289758000
2001-09-30,1120754,298100000
2001-12-31,1120754,307569000
2002-03-31,1120754,311509000
2002-06-30,1120754,314802000
2002-09-30,1120754,334250000
2002-12-31,1120754,349259000
2003-03-31,1120754,369669000
2003-06-30,1120754,369645000
2003-09-30,1120754,390813000
2003-12-31,1120754,387798000
2004-03-31,1120754,397354000
2004-06-30,1120754,420305000
2004-09-30,1120754,421549000
2004-12-31,1120754,427849000
2005-03-31,1120754,434610000
2005-06-30,1120754,434981000
2005-09-30,1120754,452753000
2005-12-31,1120754,481741000
2006-03-31,1120754,492428000
2006-06-30,1120754,499516000
2006-09-30,1120754,483441000
2006-12-31,1120754,481996000
2007-03-31,1120754,485901000
2007-06-30,1120754,539865000
2007-09-30,1120754,548727000
2007-12-31,1120754,575442000
2008-03-31,1120754,595221000
2008-06-30,1120754,609074000
2008-09-30,1120754,622361000
2008-12-31,1120754,1309639000
2009-03-31,1120754,1285891000
2009-06-30,1120754,1284176000
2009-09-30,1120754,1228625000
2009-12-31,1120754,1243646000
2010-03-31,1120754,1223630000
2010-06-30,1120754,1225862000
2010-09-30,1120754,1220784000
2010-12-31,1120754,1258128000
2011-03-31,1120754,1244666000
2011-06-30,1120754,1259734000
2011-09-30,1120754,1304945000
2011-12-31,1120754,1313867000
2012-03-31,1120754,1333799000
2012-06-30,1120754,1336204000
2012-09-30,1120754,1374715000
2012-12-31,1120754,1422968000
2013-03-31,1120754,1436634000
2013-06-30,1120754,1440563000
2013-09-30,1120754,1488055000
2013-12-31,1120754,1527015000
2014-03-31,1120754,1546707000
2014-06-30,1120754,1598874000
2014-09-30,1120754,1636855000
2014-12-31,1120754,1687155000
2015-03-31,1120754,1737737000
2015-06-30,1120754,1720617000
2015-09-30,1120754,1751265000
2015-12-31,1120754,1787632000
2016-03-31,1120754,1849182000
2016-06-30,1120754,1889235000
2016-09-30,1120754,1942124000
2016-12-31,1120754,1930115000
1986-09-30,1131787,19896457
1986-12-31,1131787,26165455
1987-03-31,1131787,25785451
1987-06-30,1131787,25560614
1987-09-30,1131787,25857165
1987-12-31,1131787,27187889
1988-03-31,1131787,26903879
1988-06-30,1131787,27544775
1988-09-30,1131787,28178114
1988-12-31,1131787,29177124
1989-03-31,1131787,29529647
1989-06-30,1131787,29304954
1989-09-30,1131787,29409255
1989-12-31,1131787,31043627
1990-03-31,1131787,30913750
1990-06-30,1131787,31246602
1990-09-30,1131787,32020513
1990-12-31,1131787,33411094
1991-03-31,1131787,32974997
1991-06-30,1131787,33105917
1991-09-30,1131787,33742022
1991-12-31,1131787,34552020
1992-03-31,1131787,34952170
1992-06-30,1131787,34482150
1992-09-30,1131787,33945784
1992-12-31,1131787,36647222
1993-03-31,1131787,37497666
1993-06-30,1131787,37607301
1993-09-30,1131787,38187996
1993-12-31,1131787,40728377
1994-03-31,1131787,40576230
1994-06-30,1131787,40865411
1994-09-30,1131787,41626726
1994-12-31,1131787,42534155
1995-03-31,1131787,42761991
1995-06-30,1131787,44247472
1995-09-30,1131787,43357185
1995-12-31,1131787,46471527
1996-03-31,1131787,46585566
1996-06-30,1131787,48066741
1996-09-30,1131787,49631910
1996-12-31,1131787,52467663
1997-03-31,1131787,53737769
1997-06-30,1131787,55441456
1997-09-30,1131787,55414258
1997-12-31,1131787,57981221
1998-03-31,1131787,60189413
1998-06-30,1131787,61393403
1998-09-30,1131787,60841318
1998-12-31,1131787,93169932
1999-03-31,1131787,91122492
1999-06-30,1131787,93219881
1999-09-30,1131787,92755402
1999-12-31,1131787,95389968
2000-03-31,1131787,96040910
2000-06-30,1131787,99750810
2000-09-30,1131787,100546052
2000-12-31,1131787,103496380
2001-03-31,1131787,103726385
2001-06-30,1131787,100822534
2001-09-30,1131787,103262035
2001-12-31,1131787,104740644
2002-03-31,1131787,106244822
2002-06-30,1131787,107988132
2002-09-30,1131787,112422026
2002-12-31,1131787,117322523
2003-03-31,1131787,120062147
2003-06-30,1131787,120857299
2003-09-30,1131787,126654376
2003-12-31,1131787,125393153
2004-03-31,1131787,125250052
2004-06-30,1131787,128176523
2004-09-30,1131787,127785985
2004-12-31,1131787,158869784
2005-03-31,1131787,164810954
2005-06-30,1131787,168952575
2005-09-30,1131787,172416096
2005-12-31,1131787,179712841
2006-03-31,1131787,178876476
2006-06-30,1131787,181143444
2006-09-30,1131787,183104553
2006-12-31,1131787,182161609
2007-03-31,1131787,186384841
2007-06-30,1131787,180314372
2007-09-30,1131787,175857229
2007-12-31,1131787,179573933
2008-03-31,1131787,178986947
2008-06-30,1131787,177232727
2008-09-30,1131787,174776760
2008-12-31,1131787,189137961
2009-03-31,1131787,179216454
2009-06-30,1131787,176854034
2009-09-30,1131787,172814097
2009-12-31,1131787,174166407
2010-03-31,1131787,171796255
2010-06-30,1131787,170668470
2010-09-30,1131787,174725825
2010-12-31,1131787,172875298
2011-03-31,1131787,170835041
2011-06-30,1131787,172236691
2011-09-30,1131787,172583676
2011-12-31,1131787,176900103
2012-03-31,1131787,178256171
2012-06-30,1131787,178307292
2012-09-30,1131787,173213253
2012-12-31,1131787,173566088
2013-03-31,1131787,172527629
2013-06-30,1131787,171609928
2013-09-30,1131787,172033106
2013-12-31,1131787,175380779
2014-03-31,1131787,179553408
2014-06-30,1131787,182585899
2014-09-30,1131787,186860815
2014-12-31,1131787,190446755
2015-03-31,1131787,190223316
2015-06-30,1131787,189107850
2015-09-30,1131787,187255650
2015-12-31,1131787,190989105
2016-03-31,1131787,194253274
2016-06-30,1131787,199276480
2016-09-30,1131787,205247179
2016-12-31,1131787,205214392
2017-03-31,1131787,205949928
1986-09-30,1132449,2071109
1986-12-31,1132449,2533439
1987-03-31,1132449,2210064
1987-06-30,1132449,2315676
1987-09-30,1132449,2436293
1987-12-31,1132449,2558282
1988-03-31,1132449,2638324
1988-06-30,1132449,2960092
1988-09-30,1132449,2994226
1988-12-31,1132449,3089330
1989-03-31,1132449,3098752
1989-06-30,1132449,3058947
1989-09-30,1132449,3112892
1989-12-31,1132449,3140711
1990-03-31,1132449,3128842
1990-06-30,1132449,3142880
1990-09-30,1132449,3122783
1990-12-31,1132449,3865951
1991-03-31,1132449,3751463
1991-06-30,1132449,3760821
1991-09-30,1132449,3971731
1991-12-31,1132449,3961400
1992-03-31,1132449,4106739
1992-06-30,1132449,4451469
1992-09-30,1132449,4437260
1992-12-31,1132449,4607654
1993-03-31,1132449,4718490
1993-06-30,1132449,5249902
1993-09-30,1132449,5242118
1993-12-31,1132449,6950673
1994-03-31,1132449,6705062
1994-06-30,1132449,8115413
1994-09-30,1132449,9411615
1994-12-31,1132449,9330795
1995-03-31,1132449,10126793
1995-06-30,1132449,10358781
1995-09-30,1132449,10167189
1995-12-31,1132449,10195346
1996-03-31,1132449,10205450
1996-06-30,1132449,14689723
1996-09-30,1132449,14486852
1996-12-31,1132449,15159150
1997-03-31,1132449,15628888
1997-06-30,1132449,15810972
1997-09-30,1132449,16238692
1997-12-31,1132449,16812169
1998-03-31,1132449,16790183
1998-06-30,1132449,17112706
1998-09-30,1132449,17313983
1998-12-31,1132449,18430296
1999-03-31,1132449,18963001
1999-06-30,1132449,19788277
1999-09-30,1132449,19985713
1999-12-31,1132449,23190073
2000-03-31,1132449,29362002
2000-06-30,1132449,30276132
2000-09-30,1132449,30406746
2000-12-31,1132449,30907742
2001-03-31,1132449,31420230
2001-06-30,1132449,32331257
2001-09-30,1132449,33644197
2001-12-31,1132449,53097974
2002-03-31,1132449,52972492
2002-06-30,1132449,55461865
2002-09-30,1132449,58445000
2002-12-31,1132449,62353855
2003-03-31,1132449,66999690
2003-06-30,1132449,69393559
2003-09-30,1132449,72764874
2003-12-31,1132449,77707015
2004-03-31,1132449,80238536
2004-06-30,1132449,82271178
2004-09-30,1132449,134436100
2004-12-31,1132449,136778262
2005-03-31,1132449,141616360
2005-06-30,1132449,148491012
2005-09-30,1132449,152089993
2005-12-31,1132449,155439714
2006-03-31,1132449,160118112
2006-06-30,1132449,163581959
2006-09-30,1132449,163084111
2006-12-31,1132449,160900923
2007-03-31,1132449,159464911
2007-06-30,1132449,159392731
2007-09-30,1132449,164201368
2007-12-31,1132449,160286202
2008-03-31,1132449,161759026
2008-06-30,1132449,161970093
2008-09-30,1132449,163772212
2008-12-31,1132449,160444183
2009-03-31,1132449,167540952
2009-06-30,1132449,153304291
2009-09-30,1132449,150538243
2009-12-31,1132449,148012292
2010-03-31,1132449,143962035
2010-06-30,1132449,140019495
2010-09-30,1132449,136117759
2010-12-31,1132449,129969527
2011-03-31,1132449,131971261
2011-06-30,1132449,131799704
2011-09-30,1132449,130660891
2011-12-31,1132449,129810542
2012-03-31,1132449,129963640
2012-06-30,1132449,129313757
2012-09-30,1132449,132014924
2012-12-31,1132449,127411731
2013-03-31,1132449,126322821
2013-06-30,1132449,118137679
2013-09-30,1132449,120738247
2013-12-31,1132449,122257732
2014-03-31,1132449,127295624
2014-06-30,1132449,130579630
2014-09-30,1132449,131520691
2014-12-31,1132449,133000128
2015-03-31,1132449,136905651
2015-06-30,1132449,137564322
2015-09-30,1132449,135811131
2015-12-31,1132449,138574068
2016-03-31,1132449,140409385
2016-06-30,1132449,145568297
2016-09-30,1132449,147442174
2016-12-31,1132449,150022885
2017-03-31,1132449,150690016
1986-09-30,1199611,7824700
1986-12-31,1199611,9090107
1987-03-31,1199611,8376283
1987-06-30,1199611,8078809
1987-09-30,1199611,8480199
1987-12-31,1199611,9325686
1988-03-31,1199611,8879993
1988-06-30,1199611,8865152
1988-09-30,1199611,9428168
1988-12-31,1199611,9903879
1989-03-31,1199611,10364172
1989-06-30,1199611,10979284
1989-09-30,1199611,11056822
1989-12-31,1199611,10937679
1990-03-31,1199611,11853164
1990-06-30,1199611,11736411
1990-09-30,1199611,12609584
1990-12-31,1199611,11789113
1991-03-31,1199611,11922036
1991-06-30,1199611,12332875
1991-09-30,1199611,12744290
1991-12-31,1199611,13192477
1992-03-31,1199611,13154522
1992-06-30,1199611,12796126
1992-09-30,1199611,14304882
1992-12-31,1199611,14959651
1993-03-31,1199611,15268985
1993-06-30,1199611,16288776
1993-09-30,1199611,16737240
1993-12-31,1199611,16902627
1994-03-31,1199611,18166996
1994-06-30,1199611,18439380
1994-09-30,1199611,18669731
1994-12-31,1199611,18561621
1995-03-31,1199611,18736122
1995-06-30,1199611,19301158
1995-09-30,1199611,20179731
1995-12-31,1199611,19933518
1996-03-31,1199611,20301727
1996-06-30,1199611,21751177
1996-09-30,1199611,21360117
1996-12-31,1199611,21608325
1997-03-31,1199611,23231750
1997-06-30,1199611,26051000
1997-09-30,1199611,26919163
1997-12-31,1199611,25315380
1998-03-31,1199611,24251805
1998-06-30,1199611,29776975
1998-09-30,1199611,28078839
1998-12-31,1199611,27870026
1999-03-31,1199611,27554634
1999-06-30,1199611,30190752
1999-09-30,1199611,33684926
1999-12-31,1199611,28708191
2000-03-31,1199611,33219419
2000-06-30,1199611,36848083
2000-09-30,1199611,34793741
2000-12-31,1199611,36022222
2001-03-31,1199611,38197777
2001-06-30,1199611,36183780
2001-09-30,1199611,35124352
2001-12-31,1199611,39664457
2002-03-31,1199611,37961610
2002-06-30,1199611,37801410
2002-09-30,1199611,39670547
2002-12-31,1199611,39478150
2003-03-31,1199611,36449759
2003-06-30,1199611,39071020
2003-09-30,1199611,40744157
2003-12-31,1199611,41450173
2004-03-31,1199611,40178901
2004-06-30,1199611,43279333
2004-09-30,1199611,41110020
2004-12-31,1199611,45276690
2005-03-31,1199611,47761320
2005-06-30,1199611,46255593
2005-09-30,1199611,48427422
2005-12-31,1199611,53413797
2006-03-31,1199611,50194943
2006-06-30,1199611,53325916
2006-09-30,1199611,55200927
2006-12-31,1199611,60712241
2007-03-31,1199611,59532356
2007-06-30,1199611,59609734
2007-09-30,1199611,63098902
2007-12-31,1199611,67611226
2008-03-31,1199611,77480291
2008-06-30,1199611,74806905
2008-09-30,1199611,79243977
2008-12-31,1199611,82053626
2009-03-31,1199611,78464586
2009-06-30,1199611,75045238
2009-09-30,1199611,77926946
2009-12-31,1199611,82141531
2010-03-31,1199611,76318597
2010-06-30,1199611,80048900
2010-09-30,1199611,80723438
2010-12-31,1199611,83843874
2011-03-31,1199611,92679160
2011-06-30,1199611,97398269
2011-09-30,1199611,96098241
2011-12-31,1199611,100223739
2012-03-31,1199611,91604324
2012-06-30,1199611,94455895
2012-09-30,1199611,93632518
2012-12-31,1199611,97463845
2013-03-31,1199611,93156775
2013-06-30,1199611,97236008
2013-09-30,1199611,95969501
2013-12-31,1199611,102947333
2014-03-31,1199611,103832578
2014-06-30,1199611,105761163
2014-09-30,1199611,111153721
2014-12-31,1199611,109946485
2015-03-31,1199611,106952000
2015-06-30,1199611,119942945
2015-09-30,1199611,119995234
2015-12-31,1199611,116749572
2016-03-31,1199611,117798813
2016-06-30,1199611,121509559
2016-09-30,1199611,120084996
2016-12-31,1199611,123926854
2017-03-31,1199611,121488675
1986-09-30,1245415,9880000
1986-12-31,1245415,10418670
1987-03-31,1245415,10548060
1987-06-30,1245415,10118987
1987-09-30,1245415,11060270
1987-12-31,1245415,10699593
1988-03-31,1245415,11454178
1988-06-30,1245415,11510306
1988-09-30,1245415,12471364
1988-12-31,1245415,12417106
1989-03-31,1245415,13649936
1989-06-30,1245415,14448715
1989-09-30,1245415,14252950
1989-12-31,1245415,14678066
1990-03-31,1245415,15111739
1990-06-30,1245415,14366516
1990-09-30,1245415,16163553
1990-12-31,1245415,15683739
1991-03-31,1245415,17704088
1991-06-30,1245415,17728560
1991-09-30,1245415,17759292
1991-12-31,1245415,18146866
1992-03-31,1245415,18380541
1992-06-30,1245415,17208854
1992-09-30,1245415,16529989
1992-12-31,1245415,16102973
1993-03-31,1245415,16542145
1993-06-30,1245415,16989826
1993-09-30,1245415,18541851
1993-12-31,1245415,17943922
1994-03-31,1245415,20020228
1994-06-30,1245415,20696780
1994-09-30,1245415,23695074
1994-12-31,1245415,22733471
1995-03-31,1245415,22715969
1995-06-30,1245415,23343163
1995-09-30,1245415,23966475
1995-12-31,1245415,22948356
1996-03-31,1245415,23840217
1996-06-30,1245415,27314491
1996-09-30,1245415,28683306
1996-12-31,1245415,28235739
1997-03-31,1245415,30801965
1997-06-30,1245415,30613576
1997-09-30,1245415,32204001
1997-12-31,1245415,34581787
1998-03-31,1245415,34322342
1998-06-30,1245415,37115866
1998-09-30,1245415,36938060
1998-12-31,1245415,38080123
1999-03-31,1245415,38100934
1999-06-30,1245415,40243756
1999-09-30,1245415,40793051
1999-12-31,1245415,42246166
2000-03-31,1245415,43000354
2000-06-30,1245415,44979149
2000-09-30,1245415,42372934
2000-12-31,1245415,43881487
2001-03-31,1245415,36253964
2001-06-30,1245415,36977370
2001-09-30,1245415,36112996
2001-12-31,1245415,34641608
2002-03-31,1245415,34813700
2002-06-30,1245415,34585673
2002-09-30,1245415,37786405
2002-12-31,1245415,36689749
2003-03-31,1245415,38271847
2003-06-30,1245415,39927800
2003-09-30,1245415,39348523
2003-12-31,1245415,38766844
2004-03-31,1245415,40591757
2004-06-30,1245415,40938564
2004-09-30,1245415,39939159
2004-12-31,1245415,41814385
2005-03-31,1245415,43937469
2005-06-30,1245415,45039031
2005-09-30,1245415,48388236
2005-12-31,1245415,50006022
2006-03-31,1245415,48352108
2006-06-30,1245415,52595232
2006-09-30,1245415,56112165
2006-12-31,1245415,59967775
2007-03-31,1245415,59844210
2007-06-30,1245415,64475903
2007-09-30,1245415,65766241
2007-12-31,1245415,66320684
2008-03-31,1245415,69172194
2008-06-30,1245415,67447403
2008-09-30,1245415,69275826
2008-12-31,1245415,88258094
2009-03-31,1245415,69603797
2009-06-30,1245415,67788776
2009-09-30,1245415,58879314
2009-12-31,1245415,63675159
2010-03-31,1245415,65531083
2010-06-30,1245415,65163503
2010-09-30,1245415,70713043
2010-12-31,1245415,70186838
2011-03-31,1245415,73983433
2011-06-30,1245415,75329920
2011-09-30,1245415,117917556
2011-12-31,1245415,117374209
2012-03-31,1245415,117450938
2012-06-30,1245415,112165541
2012-09-30,1245415,112093204
2012-12-31,1245415,116109476
2013-03-31,1245415,122361785
2013-06-30,1245415,112349784
2013-09-30,1245415,113051766
2013-12-31,1245415,111073727
2014-03-31,1245415,114499474
2014-06-30,1245415,116160559
2014-09-30,1245415,119791374
2014-12-31,1245415,115879565
2015-03-31,1245415,118263888
2015-06-30,1245415,118131486
2015-09-30,1245415,125419384
2015-12-31,1245415,125656772
2016-03-31,1245415,125793219
2016-06-30,1245415,132007952
2016-09-30,1245415,129609619
2016-12-31,1245415,128088921
2009-03-31,1275216,120164228
2009-06-30,1275216,116806045
2009-09-30,1275216,120433373
2009-12-31,1275216,124109915
2010-03-31,1275216,144104548
2010-06-30,1275216,142729358
2010-09-30,1275216,145012028
2010-12-31,1275216,145652718
2011-03-31,1275216,142925000
2011-06-30,1275216,146701000
2011-09-30,1275216,147619000
2011-12-31,1275216,152273000
2012-03-31,1275216,151978000
2012-06-30,1275216,148315000
2012-09-30,1275216,153077000
2012-12-31,1275216,153418000
2013-03-31,1275216,156903000
2013-06-30,1275216,151980000
2013-09-30,1275216,150152000
2013-12-31,1275216,153387000
2014-03-31,1275216,151497000
2014-06-30,1275216,152384000
2014-09-30,1275216,153862000
2014-12-31,1275216,159103000
2015-03-31,1275216,154674000
2015-06-30,1275216,157141000
2015-09-30,1275216,154205000
2015-12-31,1275216,161172000
2016-03-31,1275216,158804000
2016-06-30,1275216,159632000
2016-09-30,1275216,153367000
2016-12-31,1275216,158885000
1986-09-30,1378434,4091351
1986-12-31,1378434,4185103
1987-03-31,1378434,4431768
1987-06-30,1378434,4556349
1987-09-30,1378434,4654280
1987-12-31,1378434,4814201
1988-03-31,1378434,4751148
1988-06-30,1378434,4862606
1988-09-30,1378434,6703032
1988-12-31,1378434,6939816
1989-03-31,1378434,6942766
1989-06-30,1378434,7001500
1989-09-30,1378434,7250240
1989-12-31,1378434,7904455
1990-03-31,1378434,7954324
1990-06-30,1378434,8434526
1990-09-30,1378434,8682734
1990-12-31,1378434,8608448
1991-03-31,1378434,9004502
1991-06-30,1378434,8491913
1991-09-30,1378434,8517112
1991-12-31,1378434,8564147
1992-03-31,1378434,8252316
1992-06-30,1378434,8086000
1992-09-30,1378434,8493387
1992-12-31,1378434,8139245
1993-03-31,1378434,7858719
1993-06-30,1378434,7852708
1993-09-30,1378434,8053233
1993-12-31,1378434,7343642
1994-03-31,1378434,7698621
1994-06-30,1378434,7405027
1994-09-30,1378434,7329479
1994-12-31,1378434,7730656
1995-03-31,1378434,7762312
1995-06-30,1378434,7872502
1995-09-30,1378434,7890485
1995-12-31,1378434,8050263
1996-03-31,1378434,7977352
1996-06-30,1378434,28131213
1996-09-30,1378434,28621465
1996-12-31,1378434,29303566
1997-03-31,1378434,29484324
1997-06-30,1378434,30309851
1997-09-30,1378434,31091051
1997-12-31,1378434,30612416
1998-03-31,1378434,30926295
1998-06-30,1378434,30932495
1998-09-30,1378434,31420035
1998-12-31,1378434,32300524
1999-03-31,1378434,32351870
1999-06-30,1378434,32391134
1999-09-30,1378434,32533088
1999-12-31,1378434,33684450
2000-03-31,1378434,33625191
2000-06-30,1378434,34013459
2000-09-30,1378434,33788594
2000-12-31,1378434,35169863
2001-03-31,1378434,35847294
2001-06-30,1378434,35816218
2001-09-30,1378434,35281128
2001-12-31,1378434,36077515
2002-03-31,1378434,36224237
2002-06-30,1378434,36144982
2002-09-30,1378434,37611969
2002-12-31,1378434,40193327
2003-03-31,1378434,40385403
2003-06-30,1378434,42681302
2003-09-30,1378434,42602994
2003-12-31,1378434,42487831
2004-03-31,1378434,46103239
2004-06-30,1378434,46352487
2004-09-30,1378434,47041204
2004-12-31,1378434,48101752
2005-03-31,1378434,49433336
2005-06-30,1378434,51179912
2005-09-30,1378434,51299139
2005-12-31,1378434,49416609
2006-03-31,1378434,48800954
2006-06-30,1378434,50800136
2006-09-30,1378434,52013259
2006-12-31,1378434,52619576
2007-03-31,1378434,54616849
2007-06-30,1378434,53173833
2007-09-30,1378434,54343045
2007-12-31,1378434,55727748
2008-03-31,1378434,57933325
2008-06-30,1378434,60593921
2008-09-30,1378434,62599753
2008-12-31,1378434,70121446
2009-03-31,1378434,68725586
2009-06-30,1378434,73984812
2009-09-30,1378434,78153220
2009-12-31,1378434,85598180
2010-03-31,1378434,85471728
2010-06-30,1378434,84310013
2010-09-30,1378434,79827732
2010-12-31,1378434,79097834
2011-03-31,1378434,80641792
2011-06-30,1378434,80093962
2011-09-30,1378434,84013618
2011-12-31,1378434,89677054
2012-03-31,1378434,92325675
2012-06-30,1378434,87939869
2012-09-30,1378434,88185170
2012-12-31,1378434,96992464
2013-03-31,1378434,96959643
2013-06-30,1378434,102261564
2013-09-30,1378434,105492129
2013-12-31,1378434,105900020
2014-03-31,1378434,107237659
2014-06-30,1378434,108823027
2014-09-30,1378434,110882044
2014-12-31,1378434,113678090
2015-03-31,1378434,113697697
2015-06-30,1378434,114265672
2015-09-30,1378434,115163500
2015-12-31,1378434,116210191
2016-03-31,1378434,120914763
2016-06-30,1378434,117205079
2016-09-30,1378434,151117204
2016-12-31,1378434,148143603
2017-03-31,1378434,149684076
2012-03-31,1447376,108688756
2012-06-30,1447376,110562587
2012-09-30,1447376,114487961
2012-12-31,1447376,115747377
2013-03-31,1447376,119886059
2013-06-30,1447376,120296114
2013-09-30,1447376,121758503
2013-12-31,1447376,122342355
2014-03-31,1447376,127322366
2014-06-30,1447376,129066684
2014-09-30,1447376,129191103
2014-12-31,1447376,130416573
2015-03-31,1447376,132978355
2015-06-30,1447376,134222822
2015-09-30,1447376,135916817
2015-12-31,1447376,137186701
2016-03-31,1447376,142123097
2016-06-30,1447376,144819412
2016-09-30,1447376,147006478
2016-12-31,1447376,147518802
2009-06-30,1562859,181250000
2009-09-30,1562859,178257000
2009-12-31,1562859,172313000
2010-03-31,1562859,179428000
2010-06-30,1562859,176814000
2010-09-30,1562859,173191000
2010-12-31,1562859,172011000
2011-03-31,1562859,173704000
2011-06-30,1562859,178889000
2011-09-30,1562859,181956000
2011-12-31,1562859,184059000
2012-03-31,1562859,186350000
2012-06-30,1562859,178560000
2012-09-30,1562859,182482000
2012-12-31,1562859,182347000
2013-03-31,1562859,166199000
2013-06-30,1562859,150627000
2013-09-30,1562859,150556000
2013-12-31,1562859,151167000
2014-03-31,1562859,148452000
2014-06-30,1562859,149937000
2014-09-30,1562859,149195000
2014-12-31,1562859,151828000
2015-03-31,1562859,153524000
2015-06-30,1562859,156472000
2015-09-30,1562859,156105000
2015-12-31,1562859,158581000
2016-03-31,1562859,156505000
2016-06-30,1562859,157931000
2016-09-30,1562859,157397000
2016-12-31,1562859,163728000
2016-09-30,1574834,222972521
2016-12-31,1574834,214111048
2016-09-30,1575569,146764817
2016-12-31,1575569,132520732
1998-12-31,1951350,668641000
1999-03-31,1951350,690649000
1999-06-30,1951350,689600000
1999-09-30,1951350,687450000
1999-12-31,1951350,716937000
2000-03-31,1951350,738205000
2000-06-30,1951350,791333000
2000-09-30,1951350,804286000
2000-12-31,1951350,902210000
2001-03-31,1951350,944327000
2001-06-30,1951350,953427000
2001-09-30,1951350,1068249000
2001-12-31,1951350,1051450000
2002-03-31,1951350,1057657000
2002-06-30,1951350,1083306000
2002-09-30,1951350,1031568000
2002-12-31,1951350,1097190000
2003-03-31,1951350,1136973000
2003-06-30,1951350,1187035000
2003-09-30,1951350,1208923000
2003-12-31,1951350,1264032000
2004-03-31,1951350,1317591000
2004-06-30,1951350,1396568000
2004-09-30,1951350,1436554000
2004-12-31,1951350,1484101000
2005-03-31,1951350,1489891000
2005-06-30,1951350,1547789000
2005-09-30,1951350,1472793000
2005-12-31,1951350,1494037000
2006-03-31,1951350,1586201000
2006-06-30,1951350,1626551000
2006-09-30,1951350,1746248000
2006-12-31,1951350,1884318000
2007-03-31,1951350,2020966000
2007-06-30,1951350,2220866000
2007-09-30,1951350,2358266000
2007-12-31,1951350,2187631000
2008-03-31,1951350,2199848000
2008-06-30,1951350,2100385000
2008-09-30,1951350,2050131000
2008-12-31,1951350,1938470000
2009-03-31,1951350,1822578000
2009-06-30,1951350,1851914000
2009-09-30,1951350,1893370000
2009-12-31,1951350,1862392000
2010-03-31,1951350,2002213000
2010-06-30,1951350,1937656000
2010-09-30,1951350,1983280000
2010-12-31,1951350,1913902000
2011-03-31,1951350,1947815000
2011-06-30,1951350,1956626000
2011-09-30,1951350,1935992000
2011-12-31,1951350,1873878000
2012-03-31,1951350,1944423000
2012-06-30,1951350,1916451000
2012-09-30,1951350,1931346000
2012-12-31,1951350,1864660000
2013-03-31,1951350,1881734000
2013-06-30,1951350,1883988000
2013-09-30,1951350,1899511000
2013-12-31,1951350,1880035000
2014-03-31,1951350,1894390000
2014-06-30,1951350,1909369000
2014-09-30,1951350,1882505000
2014-12-31,1951350,1842181000
2015-03-31,1951350,1831801000
2015-06-30,1951350,1829370000
2015-09-30,1951350,1808356000
2015-12-31,1951350,1731210000
2016-03-31,1951350,1800967000
2016-06-30,1951350,1818771000
2016-09-30,1951350,1818117000
2016-12-31,1951350,1792077000
2009-03-31,2162966,626023000
2009-06-30,2162966,676957000
2009-09-30,2162966,769503000
2009-12-31,2162966,770941000
2010-03-31,2162966,819199000
2010-06-30,2162966,808930000
2010-09-30,2162966,841372000
2010-12-31,2162966,807698000
2011-03-31,2162966,836185000
2011-06-30,2162966,830747000
2011-09-30,2162966,794939000
2011-12-31,2162966,749898000
2012-03-31,2162966,781030000
2012-06-30,2162966,748517000
2012-09-30,2162966,764985000
2012-12-31,2162966,780960000
2013-03-31,2162966,801383000
2013-06-30,2162966,802691000
2013-09-30,2162966,832223000
2013-12-31,2162966,832666000
2014-03-31,2162966,831338000
2014-06-30,2162966,826524000
2014-09-30,2162966,814511000
2014-12-31,2162966,801510000
2015-03-31,2162966,829099000
2015-06-30,2162966,825755000
2015-09-30,2162966,834113000
2015-12-31,2162966,787465000
2016-03-31,2162966,807497000
2016-06-30,2162966,828873000
2016-09-30,2162966,813891000
2016-12-31,2162966,814949000
2004-12-31,2277860,53747255
2005-03-31,2277860,55631566
2005-06-30,2277860,56995967
2005-09-30,2277860,60424517
2005-12-31,2277860,88701411
2006-03-31,2277860,89273079
2006-06-30,2277860,89530186
2006-09-30,2277860,94906746
2006-12-31,2277860,149739285
2007-03-31,2277860,148698605
2007-06-30,2277860,145937957
2007-09-30,2277860,147154835
2007-12-31,2277860,150590369
2008-03-31,2277860,150608527
2008-06-30,2277860,151114271
2008-09-30,2277860,154803113
2008-12-31,2277860,165913451
2009-03-31,2277860,177387459
2009-06-30,2277860,171911307
2009-09-30,2277860,168503921
2009-12-31,2277860,169400094
2010-03-31,2277860,200707587
2010-06-30,2277860,197488678
2010-09-30,2277860,196932749
2010-12-31,2277860,197503411
2011-03-31,2277860,199300238
2011-06-30,2277860,199753113
2011-09-30,2277860,200148496
2011-12-31,2277860,206103658
2012-03-31,2277860,294573731
2012-06-30,2277860,296698168
2012-09-30,2277860,302114103
2012-12-31,2277860,313040688
2013-03-31,2277860,300293699
2013-06-30,2277860,296670314
2013-09-30,2277860,290217687
2013-12-31,2277860,297282098
2014-03-31,2277860,290886180
2014-06-30,2277860,298653928
2014-09-30,2277860,300444020
2014-12-31,2277860,309083481
2015-03-31,2277860,306501324
2015-06-30,2277860,310636497
2015-09-30,2277860,313827584
2015-12-31,2277860,334179916
2016-03-31,2277860,330489235
2016-06-30,2277860,339247718
2016-09-30,2277860,345187277
2016-12-31,2277860,357158294
2017-03-31,2277860,348549339
2009-03-31,2380443,925987000
2009-06-30,2380443,890137000
2009-09-30,2380443,882423000
2009-12-31,2380443,849262000
2010-03-31,2380443,880677000
2010-06-30,2380443,883529000
2010-09-30,2380443,908860000
2010-12-31,2380443,911330000
2011-03-31,2380443,933471000
2011-06-30,2380443,937192000
2011-09-30,2380443,949330000
2011-12-31,2380443,923718000
2012-03-31,2380443,951217000
2012-06-30,2380443,948981000
2012-09-30,2380443,949475000
2012-12-31,2380443,938770000
2013-03-31,2380443,959426000
2013-06-30,2380443,938611000
2013-09-30,2380443,923359000
2013-12-31,2380443,911595000
2014-03-31,2380443,915705000
2014-06-30,2380443,860008000
2014-09-30,2380443,868995000
2014-12-31,2380443,856301000
2015-03-31,2380443,865512000
2015-06-30,2380443,859932000
2015-09-30,2380443,880607000
2015-12-31,2380443,861419000
2016-03-31,2380443,878102000
2016-06-30,2380443,896870000
2016-09-30,2380443,880006000
2016-12-31,2380443,860185000
1999-06-30,2816906,208527000
1999-09-30,2816906,170770000
1999-12-31,2816906,178531000
2000-03-31,2816906,211666000
2000-06-30,2816906,195403000
2000-09-30,2816906,211338000
2000-12-31,2816906,197815000
2001-03-31,2816906,214793000
2001-06-30,2816906,216513000
2001-09-30,2816906,217462000
2001-12-31,2816906,227177000
2002-03-31,2816906,235815000
2002-06-30,2816906,231346000
2002-09-30,2816906,253862000
2002-12-31,2816906,224372000
2003-03-31,2816906,243657000
2003-06-30,2816906,298318000
2003-09-30,2816906,300499000
2003-12-31,2816906,291375000
2004-03-31,2816906,336788000
2004-06-30,2816906,316458000
2004-09-30,2816906,321376000
2004-12-31,2816906,336675000
2005-03-31,2816906,362278000
2005-06-30,2816906,366293000
2005-09-30,2816906,360379000
2005-12-31,2816906,364702000
2006-03-31,2816906,391780000
2006-06-30,2816906,411251000
2006-09-30,2816906,431021000
2006-12-31,2816906,431865000
2007-03-31,2816906,545474000
2007-06-30,2816906,576971000
2007-09-30,2816906,601332000
2007-12-31,2816906,668199000
2008-03-31,2816906,760449000
2008-06-30,2816906,668236000
2008-09-30,2816906,624162000
2008-12-31,2816906,396659000
2009-03-31,2816906,368367000
2009-06-30,2816906,366350000
2009-09-30,2816906,368225000
2009-12-31,2816906,368660000
2010-03-31,2816906,364482000
2010-06-30,2816906,349021000
2010-09-30,2816906,389108000
2010-12-31,2816906,372588000
2011-03-31,2816906,396741000
2011-06-30,2816906,412229000
2011-09-30,2816906,380647000
2011-12-31,2816906,354737000
2016-09-30,2816906,203360000
2016-12-31,2816906,186603000
2010-12-31,3226762,99178629
2011-03-31,3226762,85039741
2011-06-30,3226762,84883726
2011-09-30,3226762,95839717
2011-12-31,3226762,83152884
2015-12-31,3226762,133133492
2016-03-31,3226762,139892217
2016-06-30,3226762,151710605
2016-09-30,3226762,142592651
2016-12-31,3226762,141916551
2004-03-31,3232316,271633827
2004-06-30,3232316,298346864
2004-09-30,3232316,315562479
2004-12-31,3232316,339631534
2005-03-31,3232316,351431664
2005-06-30,3232316,372554481
2005-09-30,3232316,395534168
2005-12-31,3232316,404254480
2006-03-31,3232316,441957337
2006-06-30,3232316,465987873
2006-09-30,3232316,473595754
2006-12-31,3232316,478025477
2007-03-31,3232316,483547569
2007-06-30,3232316,483491559
2007-09-30,3232316,509865590
2007-12-31,3232316,487754828
2008-03-31,3232316,493010805
2008-06-30,3232316,461156160
2008-09-30,3232316,467739691
2008-12-31,3232316,434715911
2009-03-31,3232316,401824818
2009-06-30,3232316,383820898
2009-09-30,3232316,390657817
2009-12-31,3232316,391332071
2010-03-31,3232316,345284063
2010-06-30,3232316,333713281
2010-09-30,3232316,349324664
2010-12-31,3232316,342754665
2011-03-31,3232316,368635927
2011-06-30,3232316,365376588
2011-09-30,3232316,343719996
2011-12-31,3232316,329088434
2012-03-31,3232316,337473011
2012-06-30,3232316,313208602
2012-09-30,3232316,316285443
2012-12-31,3232316,313680754
2013-03-31,3232316,301737107
2013-06-30,3232316,319108739
2013-09-30,3232316,309312154
2013-12-31,3232316,290013881
2014-03-31,3232316,308847926
2014-06-30,3232316,289551194
2014-09-30,3232316,280272469
2014-12-31,3232316,290100702
2015-03-31,3232316,301956685
2015-06-30,3232316,277249331
2015-09-30,3232316,291611246
2015-12-31,3232316,271888608
2016-03-31,3232316,289057276
2016-06-30,3232316,295534689
2016-09-30,3232316,304439042
2016-12-31,3232316,277782846
2017-03-31,3232316,295078604
2004-09-30,3242838,83630855
2004-12-31,3242838,84366269
2005-03-31,3242838,84510395
2005-06-30,3242838,85325677
2005-09-30,3242838,84728438
2005-12-31,3242838,84786331
2006-03-31,3242838,84595459
2006-06-30,3242838,86063917
2006-09-30,3242838,86981395
2006-12-31,3242838,143370472
2007-03-31,3242838,138069628
2007-06-30,3242838,137624205
2007-09-30,3242838,138237249
2007-12-31,3242838,141043932
2008-03-31,3242838,144251469
2008-06-30,3242838,144438176
2008-09-30,3242838,144294958
2008-12-31,3242838,146253935
2009-03-31,3242838,141950436
2009-06-30,3242838,142824610
2009-09-30,3242838,140169410
2009-12-31,3242838,142354415
2010-03-31,3242838,137287286
2010-06-30,3242838,135392660
2010-09-30,3242838,133554896
2010-12-31,3242838,132399290
2011-03-31,3242838,131798824
2011-06-30,3242838,130907840
2011-09-30,3242838,129761507
2011-12-31,3242838,127049907
2012-03-31,3242838,128281787
2012-06-30,3242838,122344664
2012-09-30,3242838,121797804
2012-12-31,3242838,121347388
2013-03-31,3242838,119717632
2013-06-30,3242838,118782563
2013-09-30,3242838,116937255
2013-12-31,3242838,117661732
2014-03-31,3242838,118136516
2014-06-30,3242838,119013705
2014-09-30,3242838,119301813
2014-12-31,3242838,119888669
2015-03-31,3242838,122515877
2015-06-30,3242838,121967042
2015-09-30,3242838,124891540
2015-12-31,3242838,126234344
2016-03-31,3242838,125747379
2016-06-30,3242838,126378482
2016-09-30,3242838,125307103
2016-12-31,3242838,126193957
2017-03-31,3242838,124739162
2007-09-30,3587146,184166000
2007-12-31,3587146,197839000
2008-03-31,3587146,205151000
2008-06-30,3587146,201344000
2008-09-30,3587146,267636000
2008-12-31,3587146,237652000
2009-03-31,3587146,203883000
2009-06-30,3587146,203246000
2009-09-30,3587146,212470000
2009-12-31,3587146,212336000
2010-03-31,3587146,220966000
2010-06-30,3587146,235886000
2010-09-30,3587146,254290000
2010-12-31,3587146,247159000
2011-03-31,3587146,266571000
2011-06-30,3587146,304952000
2011-09-30,3587146,322980000
2011-12-31,3587146,325793000
2012-03-31,3587146,300197000
2012-06-30,3587146,330490000
2012-09-30,3587146,340102000
2012-12-31,3587146,359301000
2013-03-31,3587146,355984000
2013-06-30,3587146,360514000
2013-09-30,3587146,371957000
2013-12-31,3587146,374310000
2014-03-31,3587146,368241000
2014-06-30,3587146,400740000
2014-09-30,3587146,386296000
2014-12-31,3587146,385303000
2015-03-31,3587146,392337000
2015-06-30,3587146,395254000
2015-09-30,3587146,377371000
2015-12-31,3587146,393780000
2016-03-31,3587146,372870000
2016-06-30,3587146,372351000
2016-09-30,3587146,374114000
2016-12-31,3587146,333469000
2015-09-30,3606542,261164836
2015-12-31,3606542,267082561
2016-03-31,3606542,274307260
2016-06-30,3606542,276232324
2016-09-30,3606542,338630403
2016-12-31,3606542,343933415
2009-06-30,3846375,41250577
2009-09-30,3846375,43814993
2009-12-31,3846375,68570088
2010-03-31,3846375,64918501
2010-06-30,3846375,60721686
2010-09-30,3846375,61620705
2010-12-31,3846375,63894877
2011-03-31,3846375,64694631
2011-06-30,3846375,64304907
2011-09-30,3846375,68124551
2011-12-31,3846375,69483014
2012-03-31,3846375,71208923
2012-06-30,3846375,73255567
2012-09-30,3846375,75210485
2012-12-31,3846375,73491315
2013-03-31,3846375,76139250
2013-06-30,3846375,74944466
2013-09-30,3846375,75544201
2013-12-31,3846375,79339664
2014-03-31,3846375,79583709
2014-06-30,3846375,78936814
2014-09-30,3846375,80596481
2014-12-31,3846375,83125845
2015-03-31,3846375,84177508
2015-06-30,3846375,84911199
2015-09-30,3846375,85611791
2015-12-31,3846375,86936159
2016-03-31,3846375,88093339
2016-06-30,3846375,87511328
2016-09-30,3846375,90540758
2016-12-31,3846375,92307686
2017-03-31,3846375,94795139
2012-03-31,3853449,153738180
2012-06-30,3853449,152050658
2012-09-30,3853449,159193269
2012-12-31,3853449,161926542
2013-03-31,3853449,200762850
2013-06-30,3853449,196512705
2013-09-30,3853449,201687384
2012-03-31,3981856,82891062
2012-06-30,3981856,82943616
2012-09-30,3981856,85110609
2012-12-31,3981856,85790202
2013-03-31,3981856,82733574
2013-06-30,3981856,79218184
2013-09-30,3981856,77070780
2013-12-31,3981856,77144021
2014-03-31,3981856,109168077
2014-06-30,3981856,112512985
2014-09-30,3981856,113538172
2014-12-31,3981856,118851150
2015-03-31,3981856,123455460
2015-06-30,3981856,126343040
2015-09-30,3981856,130986871
2015-12-31,3981856,127571282
2016-03-31,3981856,131024627
2016-06-30,3981856,126470894
2016-09-30,3981856,139230888
2016-12-31,3981856,137367041
2016-09-30,4846998,162914363
2016-12-31,4846998,138740719
2016-09-30,5006575,221861000
2016-12-31,5006575,204485000
