Id_Rssd,asOfDate,link.node.ratio
1026632,2000-06-30,1.17910447761194
1026632,2000-09-30,1.17910447761194
1026632,2000-12-31,1.17391304347826
1026632,2001-03-31,1.17142857142857
1026632,2001-06-30,1.17105263157895
1026632,2001-09-30,1.16417910447761
1026632,2001-12-31,1.15942028985507
1026632,2002-03-31,1.15873015873016
1026632,2002-06-30,1.15873015873016
1026632,2002-09-30,1.16393442622951
1026632,2002-12-31,1.17241379310345
1026632,2003-03-31,1.14814814814815
1026632,2003-06-30,1.14
1026632,2003-09-30,1.14285714285714
1026632,2003-12-31,1.14583333333333
1026632,2004-03-31,1.11864406779661
1026632,2004-06-30,1.11666666666667
1026632,2004-09-30,1.11864406779661
1026632,2004-12-31,1.1304347826087
1026632,2005-03-31,1.12765957446809
1026632,2005-06-30,1.12765957446809
1026632,2005-09-30,1.12765957446809
1026632,2005-12-31,1.12765957446809
1026632,2006-03-31,1.12765957446809
1026632,2006-06-30,1.125
1026632,2006-09-30,1.1304347826087
1026632,2006-12-31,1.1304347826087
1026632,2007-03-31,1.12
1026632,2007-06-30,1.12
1026632,2007-09-30,1.20689655172414
1026632,2011-09-30,1.125
1026632,2011-12-31,1.125
1026632,2012-03-31,1.125
1026632,2012-06-30,1.125
1026632,2012-09-30,1.125
1026632,2012-12-31,1.05357142857143
1026632,2013-03-31,1.05660377358491
1026632,2013-06-30,1.05660377358491
1026632,2013-09-30,1.05769230769231
1026632,2013-12-31,1.05882352941176
1026632,2014-03-31,1.05882352941176
1026632,2014-06-30,1.06122448979592
1026632,2014-09-30,1.06382978723404
1026632,2014-12-31,1.0625
1026632,2015-03-31,1.0625
1026632,2015-06-30,1.06122448979592
1026632,2015-09-30,1.04
1026632,2015-12-31,1.04
1026632,2016-03-31,1.04081632653061
1026632,2016-06-30,1.04081632653061
1026632,2016-09-30,1.04166666666667
1026632,2016-12-31,1.04347826086957
1026632,2017-03-31,1.04347826086957
1026632,2017-06-30,1.04444444444444
1026632,2017-09-30,1.04761904761905
1026632,2017-12-31,1.04651162790698
1026632,2018-03-31,1.04651162790698
1026632,2018-06-30,1.04761904761905
1026632,2018-09-30,1.04651162790698
1037003,1999-12-31,1.03448275862069
1037003,2000-03-31,1.03225806451613
1037003,2000-06-30,1.03225806451613
1037003,2000-09-30,1.03333333333333
1037003,2000-12-31,1.02631578947368
1037003,2001-03-31,1.02631578947368
1037003,2001-06-30,1.02702702702703
1037003,2001-09-30,1.03703703703704
1037003,2001-12-31,1.03846153846154
1037003,2002-03-31,1.03846153846154
1037003,2002-06-30,1.03846153846154
1037003,2002-09-30,1.03846153846154
1037003,2002-12-31,1.03571428571429
1037003,2003-03-31,1.03846153846154
1037003,2003-06-30,1.09433962264151
1037003,2003-09-30,1.09803921568627
1037003,2003-12-31,1.1
1037003,2004-03-31,1.10204081632653
1037003,2004-06-30,1.10204081632653
1037003,2004-09-30,1.10204081632653
1037003,2004-12-31,1.1
1037003,2005-03-31,1.1
1037003,2005-06-30,1.10204081632653
1037003,2005-09-30,1.10204081632653
1037003,2005-12-31,1.04347826086957
1037003,2006-03-31,1.04166666666667
1037003,2006-06-30,1.04166666666667
1037003,2006-09-30,1.04651162790698
1037003,2006-12-31,1.02564102564103
1037003,2007-03-31,1.02702702702703
1037003,2007-06-30,1.02777777777778
1037003,2007-09-30,1.02777777777778
1037003,2007-12-31,1.02631578947368
1037003,2008-03-31,1.02564102564103
1037003,2008-06-30,1.02564102564103
1037003,2008-09-30,1.02564102564103
1037003,2008-12-31,1.02631578947368
1037003,2009-03-31,1.02702702702703
1037003,2009-06-30,1.025
1037003,2009-09-30,1.025
1037003,2009-12-31,1.02564102564103
1037003,2010-03-31,1.02564102564103
1037003,2010-06-30,1.02564102564103
1037003,2010-09-30,1.02564102564103
1037003,2010-12-31,1.02564102564103
1037003,2011-03-31,1.02564102564103
1037003,2011-06-30,1.03409090909091
1037003,2011-09-30,1.04545454545455
1037003,2011-12-31,1.04545454545455
1037003,2012-03-31,1.04545454545455
1037003,2012-06-30,1.04545454545455
1037003,2012-09-30,1.04651162790698
1037003,2012-12-31,1.03571428571429
1037003,2013-03-31,1.03571428571429
1037003,2013-06-30,1.03571428571429
1037003,2013-09-30,1.03571428571429
1037003,2013-12-31,1.03896103896104
1037003,2014-03-31,1.03947368421053
1037003,2014-06-30,1.04225352112676
1037003,2014-09-30,1.04285714285714
1037003,2014-12-31,1.04411764705882
1037003,2015-03-31,1.02985074626866
1037003,2015-06-30,1.03174603174603
1037003,2015-09-30,1.03174603174603
1037003,2015-12-31,1.03225806451613
1037003,2016-03-31,1.03636363636364
1037003,2016-06-30,1.03846153846154
1037003,2016-09-30,1.02222222222222
1037003,2016-12-31,1.02222222222222
1037003,2017-03-31,1.025
1037003,2017-06-30,1.025
1037003,2017-09-30,1.02631578947368
1037003,2017-12-31,1.02777777777778
1037003,2018-03-31,1.02777777777778
1037003,2018-06-30,1.02777777777778
1037003,2018-09-30,1.02777777777778
1039502,1999-12-31,1.0804311774461
1039502,2000-03-31,1.07672849915683
1039502,2000-06-30,1.07445956765412
1039502,2000-09-30,1.06678486997636
1039502,2000-12-31,1.1044921875
1039502,2001-03-31,1.10187932739862
1039502,2001-06-30,1.10528967254408
1039502,2001-09-30,1.08794541319181
1039502,2001-12-31,1.08333333333333
1039502,2002-03-31,1.08195429472025
1039502,2002-06-30,1.08267716535433
1039502,2002-09-30,1.08562450903378
1039502,2002-12-31,1.09163346613546
1039502,2003-03-31,1.09538950715421
1039502,2003-06-30,1.09756097560976
1039502,2003-09-30,1.09346504559271
1039502,2003-12-31,1.09293394777266
1039502,2004-03-31,1.09326018808777
1039502,2004-06-30,1.09707971586425
1039502,2004-09-30,1.08542372881356
1039502,2004-12-31,1.09112627986348
1039502,2005-03-31,1.09198512005411
1039502,2005-06-30,1.09176470588235
1039502,2005-09-30,1.09142475809142
1039502,2005-12-31,1.09665551839465
1039502,2006-03-31,1.09626199139927
1039502,2006-06-30,1.09644163618224
1039502,2006-09-30,1.09631351710395
1039502,2006-12-31,1.10377043710377
1039502,2007-03-31,1.10665760869565
1039502,2007-06-30,1.10828463389481
1039502,2007-09-30,1.10772913816689
1039502,2007-12-31,1.10805300713558
1039502,2008-03-31,1.10451306413302
1039502,2008-06-30,1.08498331479422
1039502,2008-09-30,1.08453159041394
1039502,2008-12-31,1.08661069376933
1039502,2009-03-31,1.08635346756152
1039502,2009-06-30,1.08795978981037
1039502,2009-09-30,1.08862220170782
1039502,2009-12-31,1.09206275957545
1039502,2010-03-31,1.08509637987776
1039502,2010-06-30,1.08637008991955
1039502,2010-09-30,1.07672955974843
1039502,2010-12-31,1.0785472972973
1039502,2011-03-31,1.07838070628768
1039502,2011-06-30,1.08055136765023
1039502,2011-09-30,1.08170212765957
1039502,2011-12-31,1.09684210526316
1039502,2012-03-31,1.09461620469083
1039502,2012-06-30,1.09508547008547
1039502,2012-09-30,1.0989152892562
1039502,2012-12-31,1.09862385321101
1039502,2013-03-31,1.09832317073171
1039502,2013-06-30,1.09976798143852
1039502,2013-09-30,1.10136351942372
1039502,2013-12-31,1.10748264335305
1039502,2014-03-31,1.11090861754751
1039502,2014-06-30,1.11781684597219
1039502,2014-09-30,1.12430278884462
1039502,2014-12-31,1.17601410934744
1039502,2015-03-31,1.18106252258764
1039502,2015-06-30,1.18511662347279
1039502,2015-09-30,1.18589743589744
1039502,2015-12-31,1.21400088613203
1039502,2016-03-31,1.20413064361191
1039502,2016-06-30,1.21081081081081
1039502,2016-09-30,1.21131697546319
1039502,2016-12-31,1.23881499395405
1039502,2017-03-31,1.24413443246671
1039502,2017-06-30,1.16197783461211
1039502,2017-09-30,1.15561959654179
1039502,2017-12-31,1.1654373024236
1039502,2018-03-31,1.16595744680851
1039502,2018-06-30,1.16233766233766
1039502,2018-09-30,1.15946843853821
1068025,1999-12-31,1.10769230769231
1068025,2000-03-31,1.10780669144981
1068025,2000-06-30,1.11058263971463
1068025,2000-09-30,1.11111111111111
1068025,2000-12-31,1.11525423728814
1068025,2001-03-31,1.11111111111111
1068025,2001-06-30,1.11073446327684
1068025,2001-09-30,1.12109375
1068025,2001-12-31,1.11616161616162
1068025,2002-03-31,1.11645569620253
1068025,2002-06-30,1.11557788944724
1068025,2002-09-30,1.11442786069652
1068025,2002-12-31,1.1136638452237
1068025,2003-03-31,1.1039119804401
1068025,2003-06-30,1.10645933014354
1068025,2003-09-30,1.10274790919952
1068025,2003-12-31,1.1067615658363
1068025,2004-03-31,1.10991636798088
1068025,2004-06-30,1.10643564356436
1068025,2004-09-30,1.10767326732673
1068025,2004-12-31,1.10718635809988
1068025,2005-03-31,1.10661764705882
1068025,2005-06-30,1.10687960687961
1068025,2005-09-30,1.10786802030457
1068025,2005-12-31,1.10996119016818
1068025,2006-03-31,1.11082138200782
1068025,2006-06-30,1.11068211068211
1068025,2006-09-30,1.11125485122898
1068025,2006-12-31,1.11473272490222
1068025,2007-03-31,1.11787564766839
1068025,2007-06-30,1.12820512820513
1068025,2007-09-30,1.15189873417722
1068025,2007-12-31,1.16589861751152
1068025,2008-03-31,1.16371681415929
1068025,2008-06-30,1.16444444444444
1068025,2008-09-30,1.16444444444444
1068025,2008-12-31,1.16450216450216
1068025,2009-03-31,1.16593886462882
1068025,2009-06-30,1.16444444444444
1068025,2009-09-30,1.16444444444444
1068025,2009-12-31,1.17289719626168
1068025,2010-03-31,1.16666666666667
1068025,2010-06-30,1.16666666666667
1068025,2010-09-30,1.16826923076923
1068025,2010-12-31,1.16582914572864
1068025,2011-03-31,1.16836734693878
1068025,2011-06-30,1.16483516483517
1068025,2011-09-30,1.1638418079096
1068025,2011-12-31,1.13636363636364
1068025,2012-03-31,1.13609467455621
1068025,2012-06-30,1.13529411764706
1068025,2012-09-30,1.13095238095238
1068025,2012-12-31,1.11931818181818
1068025,2013-03-31,1.12
1068025,2013-06-30,1.12068965517241
1068025,2013-09-30,1.12962962962963
1068025,2013-12-31,1.0969696969697
1068025,2014-03-31,1.09433962264151
1068025,2014-06-30,1.09433962264151
1068025,2014-09-30,1.09493670886076
1068025,2014-12-31,1.1006711409396
1068025,2015-03-31,1.10416666666667
1068025,2015-06-30,1.1063829787234
1068025,2015-09-30,1.10071942446043
1068025,2015-12-31,1.10294117647059
1068025,2016-03-31,1.12244897959184
1068025,2016-06-30,1.12765957446809
1068025,2016-09-30,1.10810810810811
1068025,2016-12-31,1.05208333333333
1068025,2017-03-31,1.05376344086022
1068025,2017-06-30,1.06741573033708
1068025,2017-09-30,1.05
1068025,2017-12-31,1.05042016806723
1068025,2018-03-31,1.03030303030303
1068025,2018-06-30,1.03260869565217
1068025,2018-09-30,1.03296703296703
1068191,1999-12-31,1.05172413793103
1068191,2000-03-31,1.05172413793103
1068191,2000-06-30,1.04761904761905
1068191,2000-09-30,1.05882352941176
1068191,2000-12-31,1.07352941176471
1068191,2001-03-31,1.07246376811594
1068191,2001-06-30,1.07042253521127
1068191,2001-09-30,1.09433962264151
1068191,2001-12-31,1.09090909090909
1068191,2002-03-31,1.09090909090909
1068191,2002-06-30,1.13114754098361
1068191,2002-09-30,1.13793103448276
1068191,2002-12-31,1.12903225806452
1068191,2003-03-31,1.13114754098361
1068191,2003-06-30,1.14754098360656
1068191,2003-09-30,1.13432835820896
1068191,2003-12-31,1.13636363636364
1068191,2004-03-31,1.12857142857143
1068191,2004-06-30,1.1304347826087
1068191,2004-09-30,1.12676056338028
1068191,2004-12-31,1.11392405063291
1068191,2005-03-31,1.1025641025641
1068191,2005-06-30,1.10958904109589
1068191,2005-09-30,1.11111111111111
1068191,2005-12-31,1.11267605633803
1068191,2006-03-31,1.08974358974359
1068191,2006-06-30,1.09722222222222
1068191,2006-09-30,1.09459459459459
1068191,2006-12-31,1.09210526315789
1068191,2007-03-31,1.09333333333333
1068191,2007-06-30,1.09210526315789
1068191,2007-09-30,1.07692307692308
1068191,2007-12-31,1.07777777777778
1068191,2008-03-31,1.07692307692308
1068191,2008-06-30,1.07608695652174
1068191,2008-09-30,1.07608695652174
1068191,2008-12-31,1.07777777777778
1068191,2009-03-31,1.07368421052632
1068191,2009-06-30,1.07368421052632
1068191,2009-09-30,1.07608695652174
1068191,2009-12-31,1.07865168539326
1068191,2010-03-31,1.07865168539326
1068191,2010-06-30,1.09090909090909
1068191,2010-09-30,1.08988764044944
1068191,2010-12-31,1.08988764044944
1068191,2011-03-31,1.09090909090909
1068191,2011-06-30,1.09302325581395
1068191,2011-09-30,1.09195402298851
1068191,2011-12-31,1.09195402298851
1068191,2012-03-31,1.07954545454545
1068191,2012-06-30,1.07692307692308
1068191,2012-09-30,1.08045977011494
1068191,2012-12-31,1.08139534883721
1068191,2013-03-31,1.08139534883721
1068191,2013-06-30,1.08139534883721
1068191,2013-09-30,1.08139534883721
1068191,2013-12-31,1.08235294117647
1068191,2014-03-31,1.08433734939759
1068191,2014-06-30,1.08433734939759
1068191,2014-09-30,1.08536585365854
1068191,2014-12-31,1.08536585365854
1068191,2015-03-31,1.08536585365854
1068191,2015-06-30,1.08433734939759
1068191,2015-09-30,1.08333333333333
1068191,2015-12-31,1.08333333333333
1068191,2016-03-31,1.08536585365854
1068191,2016-06-30,1.09411764705882
1068191,2016-09-30,1.07843137254902
1068191,2016-12-31,1.06862745098039
1068191,2017-03-31,1.06930693069307
1068191,2017-06-30,1.07142857142857
1068191,2017-09-30,1.07368421052632
1068191,2017-12-31,1.07692307692308
1068191,2018-03-31,1.07777777777778
1068191,2018-06-30,1.07777777777778
1068191,2018-09-30,1.07608695652174
1069778,1999-12-31,1.03444564047363
1069778,2000-03-31,1.03695881731785
1069778,2000-06-30,1.0377358490566
1069778,2000-09-30,1.03896103896104
1069778,2000-12-31,1.03898635477583
1069778,2001-03-31,1.07869481765835
1069778,2001-06-30,1.08215297450425
1069778,2001-09-30,1.08059701492537
1069778,2001-12-31,1.08134920634921
1069778,2002-03-31,1.08023483365949
1069778,2002-06-30,1.08204633204633
1069778,2002-09-30,1.0837297811608
1069778,2002-12-31,1.08396226415094
1069778,2003-03-31,1.08560677328316
1069778,2003-06-30,1.09039548022599
1069778,2003-09-30,1.09150326797386
1069778,2003-12-31,1.08940092165899
1069778,2004-03-31,1.08900999091735
1069778,2004-06-30,1.0897552130553
1069778,2004-09-30,1.08968609865471
1069778,2004-12-31,1.08771929824561
1069778,2005-03-31,1.08848797250859
1069778,2005-06-30,1.0885328836425
1069778,2005-09-30,1.09105960264901
1069778,2005-12-31,1.09385113268608
1069778,2006-03-31,1.09390048154093
1069778,2006-06-30,1.0958795562599
1069778,2006-09-30,1.10868031051517
1069778,2006-12-31,1.1089521165857
1069778,2007-03-31,1.10278514588859
1069778,2007-06-30,1.11706349206349
1069778,2007-09-30,1.09947643979058
1069778,2007-12-31,1.09948979591837
1069778,2008-03-31,1.04187192118227
1069778,2008-06-30,1.03953488372093
1069778,2008-09-30,1.03944315545244
1069778,2008-12-31,1.03709677419355
1069778,2009-03-31,1.03548387096774
1069778,2009-06-30,1.04952076677316
1069778,2009-09-30,1.05073649754501
1069778,2009-12-31,1.05529953917051
1069778,2010-03-31,1.05331179321486
1069778,2010-06-30,1.05418719211823
1069778,2010-09-30,1.05308219178082
1069778,2010-12-31,1.05354058721934
1069778,2011-03-31,1.05457746478873
1069778,2011-06-30,1.05486725663717
1069778,2011-09-30,1.05525846702317
1069778,2011-12-31,1.05776173285199
1069778,2012-03-31,1.05797101449275
1069778,2012-06-30,1.06363636363636
1069778,2012-09-30,1.07846410684474
1069778,2012-12-31,1.07779578606159
1069778,2013-03-31,1.0740157480315
1069778,2013-06-30,1.07389937106918
1069778,2013-09-30,1.07121212121212
1069778,2013-12-31,1.0687134502924
1069778,2014-03-31,1.06911764705882
1069778,2014-06-30,1.06772334293948
1069778,2014-09-30,1.06801736613603
1069778,2014-12-31,1.06388888888889
1069778,2015-03-31,1.05984042553191
1069778,2015-06-30,1.05913272010512
1069778,2015-09-30,1.0646830530401
1069778,2015-12-31,1.06472081218274
1069778,2016-03-31,1.06625766871166
1069778,2016-06-30,1.06737588652482
1069778,2016-09-30,1.06737588652482
1069778,2016-12-31,1.06542056074766
1069778,2017-03-31,1.06581986143187
1069778,2017-06-30,1.06627906976744
1069778,2017-09-30,1.06589595375723
1069778,2017-12-31,1.06451612903226
1069778,2018-03-31,1.06327683615819
1069778,2018-06-30,1.06331877729258
1069778,2018-09-30,1.06086956521739
1070345,1999-12-31,1.01530612244898
1070345,2000-03-31,1.01442307692308
1070345,2000-06-30,1.01421800947867
1070345,2000-09-30,1.01408450704225
1070345,2000-12-31,1.01382488479263
1070345,2001-03-31,1.01310043668122
1070345,2001-06-30,1.01379310344828
1070345,2001-09-30,1.01694915254237
1070345,2001-12-31,1.01650165016502
1070345,2002-03-31,1.01633986928105
1070345,2002-06-30,1.01597444089457
1070345,2002-09-30,1.01577287066246
1070345,2002-12-31,1.01543209876543
1070345,2003-03-31,1.01226993865031
1070345,2003-06-30,1.01194029850746
1070345,2003-09-30,1.01461988304094
1070345,2003-12-31,1.03977272727273
1070345,2004-03-31,1.0391061452514
1070345,2004-06-30,1.03783783783784
1070345,2004-09-30,1.03674540682415
1070345,2004-12-31,1.0352644836272
1070345,2005-03-31,1.03562340966921
1070345,2005-06-30,1.03473945409429
1070345,2005-09-30,1.03381642512077
1070345,2005-12-31,1.03660886319846
1070345,2006-03-31,1.03543307086614
1070345,2006-06-30,1.04705882352941
1070345,2006-09-30,1.04558404558405
1070345,2006-12-31,1.04558404558405
1070345,2007-03-31,1.04432132963989
1070345,2007-06-30,1.04177545691906
1070345,2007-09-30,1.04010025062657
1070345,2007-12-31,1.03874092009685
1070345,2008-03-31,1.03747072599532
1070345,2008-06-30,1.03555555555556
1070345,2008-09-30,1.03493449781659
1070345,2008-12-31,1.03440860215054
1070345,2009-03-31,1.03404255319149
1070345,2009-06-30,1.0379746835443
1070345,2009-09-30,1.0375
1070345,2009-12-31,1.03621730382294
1070345,2010-03-31,1.03193612774451
1070345,2010-06-30,1.04975124378109
1070345,2010-09-30,1.05079365079365
1070345,2010-12-31,1.04804804804805
1070345,2011-03-31,1.04761904761905
1070345,2011-06-30,1.04698972099853
1070345,2011-09-30,1.04166666666667
1070345,2011-12-31,1.04267425320057
1070345,2012-03-31,1.04125177809388
1070345,2012-06-30,1.04054054054054
1070345,2012-09-30,1.03810775295664
1070345,2012-12-31,1.03856041131105
1070345,2013-03-31,1.0381679389313
1070345,2013-06-30,1.03620474406991
1070345,2013-09-30,1.03589108910891
1070345,2013-12-31,1.03623188405797
1070345,2014-03-31,1.03571428571429
1070345,2014-06-30,1.03357314148681
1070345,2014-09-30,1.0327485380117
1070345,2014-12-31,1.0317100792752
1070345,2015-03-31,1.03218390804598
1070345,2015-06-30,1.03185437997725
1070345,2015-09-30,1.03153153153153
1070345,2015-12-31,1.03229278794403
1070345,2016-03-31,1.03225806451613
1070345,2016-06-30,1.03191489361702
1070345,2016-09-30,1.03191489361702
1070345,2016-12-31,1.02909482758621
1070345,2017-03-31,1.02906350914962
1070345,2017-06-30,1.03094983991462
1070345,2017-09-30,1.03193832599119
1070345,2017-12-31,1.03197353914002
1070345,2018-03-31,1.03139013452915
1070345,2018-06-30,1.03072983354674
1070345,2018-09-30,1.02925531914894
1073757,1999-12-31,1.11635475996745
1073757,2000-03-31,1.11020408163265
1073757,2000-06-30,1.11198738170347
1073757,2000-09-30,1.11053024645258
1073757,2000-12-31,1.11383285302594
1073757,2001-03-31,1.10864903502502
1073757,2001-06-30,1.10884831460674
1073757,2001-09-30,1.11064543168483
1073757,2001-12-31,1.11388196176226
1073757,2002-03-31,1.11314475873544
1073757,2002-06-30,1.11906744379684
1073757,2002-09-30,1.12162162162162
1073757,2002-12-31,1.1362763915547
1073757,2003-03-31,1.14393226716839
1073757,2003-06-30,1.15928369462771
1073757,2003-09-30,1.16003787878788
1073757,2003-12-31,1.15759312320917
1073757,2004-03-31,1.15754716981132
1073757,2004-06-30,1.12870662460568
1073757,2004-09-30,1.13186119873817
1073757,2004-12-31,1.133125
1073757,2005-03-31,1.13125
1073757,2005-06-30,1.13312693498452
1073757,2005-09-30,1.13442211055276
1073757,2005-12-31,1.13307493540052
1073757,2006-03-31,1.13312693498452
1073757,2006-06-30,1.12665066026411
1073757,2006-09-30,1.13483146067416
1073757,2006-12-31,1.1396449704142
1073757,2007-03-31,1.13598574821853
1073757,2007-06-30,1.13452914798206
1073757,2007-09-30,1.13091715976331
1073757,2007-12-31,1.13390313390313
1073757,2008-03-31,1.13585434173669
1073757,2008-06-30,1.13174491941135
1073757,2008-09-30,1.12405063291139
1073757,2008-12-31,1.11296534017972
1073757,2009-03-31,1.12061560486757
1073757,2009-06-30,1.12513523260007
1073757,2009-09-30,1.12780593772629
1073757,2009-12-31,1.12954300107953
1073757,2010-03-31,1.13192419825073
1073757,2010-06-30,1.13222836095764
1073757,2010-09-30,1.12957430918596
1073757,2010-12-31,1.13284920973943
1073757,2011-03-31,1.13569844789357
1073757,2011-06-30,1.13754480286738
1073757,2011-09-30,1.13940774487472
1073757,2011-12-31,1.13317757009346
1073757,2012-03-31,1.13223938223938
1073757,2012-06-30,1.13290513833992
1073757,2012-09-30,1.12771327612317
1073757,2012-12-31,1.1295
1073757,2013-03-31,1.12791878172589
1073757,2013-06-30,1.12571132953958
1073757,2013-09-30,1.12546517809676
1073757,2013-12-31,1.11797133406836
1073757,2014-03-31,1.11581291759465
1073757,2014-06-30,1.11167800453515
1073757,2014-09-30,1.10864618885097
1073757,2014-12-31,1.10644418872267
1073757,2015-03-31,1.10348837209302
1073757,2015-06-30,1.09748803827751
1073757,2015-09-30,1.08944099378882
1073757,2015-12-31,1.08143939393939
1073757,2016-03-31,1.08055925432756
1073757,2016-06-30,1.07447528774543
1073757,2016-09-30,1.07353951890034
1073757,2016-12-31,1.06947368421053
1073757,2017-03-31,1.06718528995757
1073757,2017-06-30,1.06543385490754
1073757,2017-09-30,1.06398274622574
1073757,2017-12-31,1.05783308931186
1073757,2018-03-31,1.0521675238795
1073757,2018-06-30,1.05054945054945
1073757,2018-09-30,1.04807692307692
1074156,1999-12-31,1.02020202020202
1074156,2000-03-31,1.00952380952381
1074156,2000-06-30,1.00961538461538
1074156,2000-09-30,1.05932203389831
1074156,2000-12-31,1.00806451612903
1074156,2001-03-31,1.02255639097744
1074156,2001-06-30,1.02068965517241
1074156,2001-09-30,1.02158273381295
1074156,2001-12-31,1.02919708029197
1074156,2002-03-31,1.02631578947368
1074156,2002-06-30,1.02702702702703
1074156,2002-09-30,1.04294478527607
1074156,2002-12-31,1.04242424242424
1074156,2003-03-31,1.04242424242424
1074156,2003-06-30,1.04191616766467
1074156,2003-09-30,1.03553299492386
1074156,2003-12-31,1.03888888888889
1074156,2004-03-31,1.03864734299517
1074156,2004-06-30,1.03755868544601
1074156,2004-09-30,1.03720930232558
1074156,2004-12-31,1.03669724770642
1074156,2005-03-31,1.0365296803653
1074156,2005-06-30,1.0352422907489
1074156,2005-09-30,1.03879310344828
1074156,2005-12-31,1.03846153846154
1074156,2006-03-31,1.03734439834025
1074156,2006-06-30,1.03585657370518
1074156,2006-09-30,1.03529411764706
1074156,2006-12-31,1.03474903474903
1074156,2007-03-31,1.04498269896194
1074156,2007-06-30,1.04560260586319
1074156,2007-09-30,1.03618421052632
1074156,2007-12-31,1.03217158176944
1074156,2008-03-31,1.04232804232804
1074156,2008-06-30,1.04040404040404
1074156,2008-09-30,1.04691358024691
1074156,2008-12-31,1.05424528301887
1074156,2009-03-31,1.05592841163311
1074156,2009-06-30,1.05652173913043
1074156,2009-09-30,1.05918367346939
1074156,2009-12-31,1.05780346820809
1074156,2010-03-31,1.05747126436782
1074156,2010-06-30,1.05836575875486
1074156,2010-09-30,1.06405693950178
1074156,2010-12-31,1.06495726495727
1074156,2011-03-31,1.06598984771574
1074156,2011-06-30,1.06521739130435
1074156,2011-09-30,1.0658978583196
1074156,2011-12-31,1.06441223832528
1074156,2012-03-31,1.06528662420382
1074156,2012-06-30,1.06422018348624
1074156,2012-09-30,1.06110283159463
1074156,2012-12-31,1.0639880952381
1074156,2013-03-31,1.06607929515419
1074156,2013-06-30,1.06744868035191
1074156,2013-09-30,1.06647398843931
1074156,2013-12-31,1.06676136363636
1074156,2014-03-31,1.06629055007052
1074156,2014-06-30,1.0672268907563
1074156,2014-09-30,1.06657420249653
1074156,2014-12-31,1.07046070460705
1074156,2015-03-31,1.07294429708223
1074156,2015-06-30,1.07272727272727
1074156,2015-09-30,1.0695652173913
1074156,2015-12-31,1.06496519721578
1074156,2016-03-31,1.06547619047619
1074156,2016-06-30,1.06392694063927
1074156,2016-09-30,1.06458797327394
1074156,2016-12-31,1.06385281385281
1074156,2017-03-31,1.0615866388309
1074156,2017-06-30,1.06012658227848
1074156,2017-09-30,1.05852156057495
1074156,2017-12-31,1.0582226762002
1074156,2018-03-31,1.05894519131334
1074156,2018-06-30,1.0572864321608
1074156,2018-09-30,1.05459770114943
1111435,1999-12-31,1.01526717557252
1111435,2000-03-31,1.01342281879195
1111435,2000-06-30,1.01273885350318
1111435,2000-09-30,1.01226993865031
1111435,2000-12-31,1.01219512195122
1111435,2001-03-31,1.01169590643275
1111435,2001-06-30,1.01142857142857
1111435,2001-09-30,1.01226993865031
1111435,2001-12-31,1.01169590643275
1111435,2002-03-31,1.01183431952663
1111435,2002-06-30,1.01183431952663
1111435,2002-09-30,1.01136363636364
1111435,2002-12-31,1.01104972375691
1111435,2003-03-31,1.01036269430052
1111435,2003-06-30,1.01020408163265
1111435,2003-09-30,1.00990099009901
1111435,2003-12-31,1.00985221674877
1111435,2004-03-31,1.00985221674877
1111435,2004-06-30,1.00947867298578
1111435,2004-09-30,1.00947867298578
1111435,2004-12-31,1.0093896713615
1111435,2005-03-31,1.00904977375566
1111435,2005-06-30,1.00884955752212
1111435,2005-09-30,1.0093023255814
1111435,2005-12-31,1.00884955752212
1111435,2006-03-31,1.00454545454545
1111435,2006-06-30,1.0047619047619
1111435,2006-09-30,1.0047619047619
1111435,2006-12-31,1.00467289719626
1111435,2007-03-31,1.00446428571429
1111435,2007-06-30,1.00420168067227
1111435,2007-09-30,1.00719424460432
1111435,2007-12-31,1.00709219858156
1111435,2008-03-31,1.00727272727273
1111435,2008-06-30,1.00735294117647
1111435,2008-09-30,1.0072202166065
1111435,2008-12-31,1.00699300699301
1111435,2009-03-31,1.00694444444444
1111435,2009-06-30,1.00934579439252
1111435,2009-09-30,1.0093023255814
1111435,2009-12-31,1.00934579439252
1111435,2010-03-31,1.00947867298578
1111435,2010-06-30,1.02057613168724
1111435,2010-09-30,1.02040816326531
1111435,2010-12-31,1.0210970464135
1111435,2011-03-31,1.0207468879668
1111435,2011-06-30,1.0207468879668
1111435,2011-09-30,1.01234567901235
1111435,2011-12-31,1.01214574898785
1111435,2012-03-31,1.01204819277108
1111435,2012-06-30,1.01209677419355
1111435,2012-09-30,1.01229508196721
1111435,2012-12-31,1.01219512195122
1111435,2013-03-31,1.01224489795918
1111435,2013-06-30,1.00833333333333
1111435,2013-09-30,1.00840336134454
1111435,2013-12-31,1.00416666666667
1111435,2014-03-31,1.0042735042735
1111435,2014-06-30,1.004329004329
1111435,2014-09-30,1.00436681222707
1111435,2014-12-31,1.00442477876106
1111435,2015-03-31,1.00454545454545
1111435,2015-06-30,1.00456621004566
1111435,2015-09-30,1.00469483568075
1111435,2015-12-31,1.00961538461538
1111435,2016-03-31,1.00966183574879
1111435,2016-06-30,1.00970873786408
1111435,2016-09-30,1.00985221674877
1111435,2016-12-31,1.01538461538462
1111435,2017-03-31,1.01630434782609
1111435,2017-06-30,1.01666666666667
1111435,2017-09-30,1.01970443349754
1111435,2017-12-31,1.025
1111435,2018-03-31,1.0251256281407
1111435,2018-06-30,1.02551020408163
1111435,2018-09-30,1.02551020408163
1113514,1998-12-31,1.01456310679612
1113514,1999-12-31,1.07035175879397
1113514,2000-03-31,1.06666666666667
1113514,2000-06-30,1.06525037936267
1113514,2000-09-30,1.06493506493506
1113514,2000-12-31,1.06095791001451
1113514,2001-03-31,1.05866666666667
1113514,2001-06-30,1.05890227576975
1113514,2001-09-30,1.08366533864542
1113514,2001-12-31,1.08461538461538
1113514,2002-03-31,1.08301158301158
1113514,2002-06-30,1.08576998050682
1113514,2002-09-30,1.08870967741935
1113514,2002-12-31,1.08943089430894
1113514,2003-03-31,1.08997955010225
1113514,2003-06-30,1.09090909090909
1113514,2003-09-30,1.09354120267261
1113514,2003-12-31,1.08294930875576
1113514,2004-03-31,1.08126410835214
1119794,1999-12-31,1.02127659574468
1119794,2000-03-31,1.02247191011236
1119794,2000-06-30,1.02162162162162
1119794,2000-09-30,1.02083333333333
1119794,2000-12-31,1.02139037433155
1119794,2001-03-31,1.01345291479821
1119794,2001-06-30,1.01382488479263
1119794,2001-09-30,1.01111111111111
1119794,2001-12-31,1.01123595505618
1119794,2002-03-31,1.00740740740741
1119794,2002-06-30,1.01492537313433
1119794,2002-09-30,1.01449275362319
1119794,2002-12-31,1.01503759398496
1119794,2003-03-31,1.01526717557252
1119794,2003-06-30,1.01538461538462
1119794,2003-09-30,1.01550387596899
1119794,2003-12-31,1.02272727272727
1119794,2004-03-31,1.01724137931034
1119794,2004-06-30,1.01709401709402
1119794,2004-09-30,1.01694915254237
1119794,2004-12-31,1.01694915254237
1119794,2005-03-31,1.01639344262295
1119794,2005-06-30,1.0234375
1119794,2005-09-30,1.01574803149606
1119794,2005-12-31,1.01526717557252
1119794,2006-03-31,1.015625
1119794,2006-06-30,1.01550387596899
1119794,2006-09-30,1.02962962962963
1119794,2006-12-31,1.03174603174603
1119794,2007-03-31,1.0327868852459
1119794,2007-06-30,1.03225806451613
1119794,2007-09-30,1.03333333333333
1119794,2007-12-31,1.04132231404959
1119794,2008-03-31,1.04310344827586
1119794,2008-06-30,1.04273504273504
1119794,2008-09-30,1.03478260869565
1119794,2008-12-31,1.02678571428571
1119794,2009-03-31,1.02702702702703
1119794,2009-06-30,1.02777777777778
1119794,2009-09-30,1.00925925925926
1119794,2009-12-31,1.00884955752212
1119794,2010-03-31,1.04166666666667
1119794,2010-06-30,1.04098360655738
1119794,2010-09-30,1.04201680672269
1119794,2010-12-31,1.04201680672269
1119794,2011-03-31,1.04310344827586
1119794,2011-06-30,1.04310344827586
1119794,2011-09-30,1.04310344827586
1119794,2011-12-31,1.04587155963303
1119794,2012-03-31,1.04672897196262
1119794,2012-06-30,1.04761904761905
1119794,2012-09-30,1.04901960784314
1119794,2012-12-31,1.04854368932039
1119794,2013-03-31,1.04950495049505
1119794,2013-06-30,1.05050505050505
1119794,2013-09-30,1.06796116504854
1119794,2013-12-31,1.06862745098039
1119794,2014-03-31,1.05050505050505
1119794,2014-06-30,1.05102040816327
1119794,2014-09-30,1.05050505050505
1119794,2014-12-31,1.05154639175258
1119794,2015-03-31,1.05050505050505
1119794,2015-06-30,1.05154639175258
1119794,2015-09-30,1.05154639175258
1119794,2015-12-31,1.06
1119794,2016-03-31,1.05154639175258
1119794,2016-06-30,1.05263157894737
1119794,2016-09-30,1.05263157894737
1119794,2016-12-31,1.05263157894737
1119794,2017-03-31,1.05376344086022
1119794,2017-06-30,1.05376344086022
1119794,2017-09-30,1.05494505494506
1119794,2017-12-31,1.05494505494506
1119794,2018-03-31,1.05555555555556
1119794,2018-06-30,1.05555555555556
1119794,2018-09-30,1.0561797752809
1120754,1999-12-31,1.10410094637224
1120754,2000-03-31,1.11210762331839
1120754,2000-06-30,1.11463046757164
1120754,2000-09-30,1.10030395136778
1120754,2000-12-31,1.09116409537167
1120754,2001-03-31,1.09530583214794
1120754,2001-06-30,1.09510869565217
1120754,2001-09-30,1.08695652173913
1120754,2001-12-31,1.0671031096563
1120754,2002-03-31,1.06230529595016
1120754,2002-06-30,1.06542056074766
1120754,2002-09-30,1.06853582554517
1120754,2002-12-31,1.06487341772152
1120754,2003-03-31,1.06366459627329
1120754,2003-06-30,1.06278713629403
1120754,2003-09-30,1.05597579425113
1120754,2003-12-31,1.06079027355623
1120754,2004-03-31,1.04725609756098
1120754,2004-06-30,1.05446293494705
1120754,2004-09-30,1.05522388059701
1120754,2004-12-31,1.05208333333333
1120754,2005-03-31,1.0521609538003
1120754,2005-06-30,1.05162241887906
1120754,2005-09-30,1.05232558139535
1120754,2005-12-31,1.0520059435364
1120754,2006-03-31,1.05678233438486
1120754,2006-06-30,1.05808477237049
1120754,2006-09-30,1.06099518459069
1120754,2006-12-31,1.06743421052632
1120754,2007-03-31,1.06913996627319
1120754,2007-06-30,1.06166666666667
1120754,2007-09-30,1.05960264900662
1120754,2007-12-31,1.0623973727422
1120754,2008-03-31,1.06219312602291
1120754,2008-06-30,1.06105610561056
1120754,2008-09-30,1.05709624796085
1120754,2008-12-31,1.26346604215457
1120754,2009-03-31,1.27109515260323
1120754,2009-06-30,1.27272727272727
1120754,2009-09-30,1.27217496962333
1120754,2009-12-31,1.2856261566934
1120754,2010-03-31,1.28270303781773
1120754,2010-06-30,1.29179910998093
1120754,2010-09-30,1.30090206185567
1120754,2010-12-31,1.31384015594542
1120754,2011-03-31,1.32275132275132
1120754,2011-06-30,1.33423545331529
1120754,2011-09-30,1.33122362869198
1120754,2011-12-31,1.33879003558719
1120754,2012-03-31,1.35007072135785
1120754,2012-06-30,1.36521739130435
1120754,2012-09-30,1.37272064186725
1120754,2012-12-31,1.3648275862069
1120754,2013-03-31,1.3690393918452
1120754,2013-06-30,1.37890353920888
1120754,2013-09-30,1.38762886597938
1120754,2013-12-31,1.40110650069156
1120754,2014-03-31,1.45069337442219
1120754,2014-06-30,1.44977168949772
1120754,2014-09-30,1.46317388003037
1120754,2014-12-31,1.47511312217195
1120754,2015-03-31,1.4779086892489
1120754,2015-06-30,1.49175412293853
1120754,2015-09-30,1.5
1120754,2015-12-31,1.50256786500367
1120754,2016-03-31,1.49460819554278
1120754,2016-06-30,1.49893086243763
1120754,2016-09-30,1.50494350282486
1120754,2016-12-31,1.08377659574468
1120754,2017-03-31,1.07735583684951
1120754,2017-06-30,1.08188976377953
1120754,2017-09-30,1.08013355592654
1120754,2017-12-31,1.08141592920354
1120754,2018-03-31,1.07992895204263
1120754,2018-06-30,1.07846715328467
1120754,2018-09-30,1.09029345372461
1131787,1999-12-31,1.04147465437788
1131787,2000-03-31,1.01242236024845
1131787,2000-06-30,1.01234567901235
1131787,2000-09-30,1.01234567901235
1131787,2000-12-31,1.01190476190476
1131787,2001-03-31,1.01047120418848
1131787,2001-06-30,1.01036269430052
1131787,2001-09-30,1.00869565217391
1131787,2001-12-31,1.00757575757576
1131787,2002-03-31,1.00662251655629
1131787,2002-06-30,1.00609756097561
1131787,2002-09-30,1.00591715976331
1131787,2002-12-31,1.005
1131787,2003-03-31,1.00340136054422
1131787,2003-06-30,1.0032154340836
1131787,2003-09-30,1.00311526479751
1131787,2003-12-31,1.00302114803625
1131787,2004-03-31,1.003003003003
1131787,2004-06-30,1.00292397660819
1131787,2004-09-30,1.00285714285714
1131787,2004-12-31,1.00519480519481
1131787,2005-03-31,1.00516795865633
1131787,2005-06-30,1.00515463917526
1131787,2005-09-30,1.00501253132832
1131787,2005-12-31,1.00251889168766
1131787,2006-03-31,1.00248756218905
1131787,2006-06-30,1.00246913580247
1131787,2006-09-30,1.00242130750605
1131787,2006-12-31,1.00240384615385
1131787,2007-03-31,1.00235849056604
1131787,2007-06-30,1.00763358778626
1131787,2007-09-30,1.008
1131787,2007-12-31,1.0078125
1131787,2008-03-31,1.00740740740741
1131787,2008-06-30,1.00719424460432
1131787,2008-09-30,1.008
1131787,2008-12-31,1.00862068965517
1131787,2009-03-31,1.00869565217391
1131787,2009-06-30,1.00900900900901
1131787,2009-09-30,1.00909090909091
1131787,2009-12-31,1.00925925925926
1131787,2010-03-31,1.00925925925926
1131787,2010-06-30,1.00934579439252
1131787,2010-09-30,1.00892857142857
1131787,2010-12-31,1.00917431192661
1131787,2011-03-31,1.00934579439252
1131787,2011-06-30,1.00952380952381
1131787,2011-09-30,1.00961538461538
1131787,2011-12-31,1.00961538461538
1131787,2012-03-31,1.01041666666667
1131787,2012-06-30,1.01041666666667
1131787,2012-09-30,1.01176470588235
1131787,2012-12-31,1.01204819277108
1131787,2013-03-31,1.01234567901235
1131787,2013-06-30,1.01282051282051
1131787,2013-09-30,1.05263157894737
1131787,2013-12-31,1.05263157894737
1131787,2014-03-31,1.05263157894737
1131787,2014-06-30,1.05263157894737
1131787,2014-09-30,1.05333333333333
1131787,2014-12-31,1.05479452054795
1131787,2015-03-31,1.05714285714286
1131787,2015-06-30,1.05479452054795
1131787,2015-09-30,1.05479452054795
1131787,2015-12-31,1.05555555555556
1131787,2016-03-31,1.05555555555556
1131787,2016-06-30,1.05555555555556
1131787,2016-09-30,1.05555555555556
1131787,2016-12-31,1.05555555555556
1131787,2017-03-31,1.05479452054795
1131787,2017-06-30,1.05555555555556
1131787,2017-09-30,1.05555555555556
1131787,2017-12-31,1.05714285714286
1131787,2018-03-31,1.05714285714286
1131787,2018-06-30,1.05714285714286
1131787,2018-09-30,1.05714285714286
1132449,1999-12-31,1.02173913043478
1132449,2000-03-31,1.015625
1132449,2000-06-30,1.015625
1132449,2000-09-30,1.01538461538462
1132449,2000-12-31,1.01538461538462
1132449,2001-03-31,1.01515151515152
1132449,2001-06-30,1.01515151515152
1132449,2001-09-30,1.0188679245283
1132449,2001-12-31,1.015625
1132449,2002-03-31,1.015625
1132449,2002-06-30,1.01538461538462
1132449,2002-09-30,1.01538461538462
1132449,2002-12-31,1.015625
1132449,2003-03-31,1.01470588235294
1132449,2003-06-30,1.01470588235294
1132449,2003-09-30,1.01470588235294
1132449,2003-12-31,1.01470588235294
1132449,2004-03-31,1.01369863013699
1132449,2004-06-30,1.01369863013699
1132449,2004-09-30,1.00925925925926
1132449,2004-12-31,1.00869565217391
1132449,2005-03-31,1.00854700854701
1132449,2005-06-30,1.00847457627119
1132449,2005-09-30,1.00840336134454
1132449,2005-12-31,1.00884955752212
1132449,2006-03-31,1.00900900900901
1132449,2006-06-30,1.00925925925926
1132449,2006-09-30,1.00961538461538
1132449,2006-12-31,1.00980392156863
1132449,2007-03-31,1.00961538461538
1132449,2007-06-30,1.00990099009901
1132449,2007-09-30,1.01086956521739
1132449,2007-12-31,1.01086956521739
1132449,2008-03-31,1.01111111111111
1132449,2008-06-30,1.01111111111111
1132449,2008-09-30,1.01176470588235
1132449,2008-12-31,1.0126582278481
1132449,2009-03-31,1.01298701298701
1132449,2009-06-30,1.01315789473684
1132449,2009-09-30,1.01428571428571
1132449,2009-12-31,1.01515151515152
1132449,2010-03-31,1.01538461538462
1132449,2010-06-30,1.01639344262295
1132449,2010-09-30,1.015625
1132449,2010-12-31,1.01612903225806
1132449,2011-03-31,1.01612903225806
1132449,2011-06-30,1.01612903225806
1132449,2011-09-30,1.01612903225806
1132449,2011-12-31,1.01612903225806
1132449,2012-03-31,1.01612903225806
1132449,2012-06-30,1.01612903225806
1132449,2012-09-30,1.01694915254237
1132449,2012-12-31,1.01724137931034
1132449,2013-03-31,1.01724137931034
1132449,2013-06-30,1.01754385964912
1132449,2013-09-30,1.01754385964912
1132449,2013-12-31,1.01785714285714
1132449,2014-03-31,1.01923076923077
1132449,2014-06-30,1.02127659574468
1132449,2014-09-30,1.02127659574468
1132449,2014-12-31,1.02127659574468
1132449,2015-03-31,1.02380952380952
1132449,2015-06-30,1.02439024390244
1132449,2015-09-30,1.02439024390244
1132449,2015-12-31,1.02439024390244
1132449,2016-03-31,1.025
1132449,2016-06-30,1.025
1132449,2016-09-30,1.025
1132449,2016-12-31,1.02631578947368
1132449,2017-03-31,1.02631578947368
1132449,2017-06-30,1.02631578947368
1132449,2017-09-30,1.02702702702703
1132449,2017-12-31,1.02857142857143
1132449,2018-03-31,1.02857142857143
1132449,2018-06-30,1.02857142857143
1132449,2018-09-30,1.02857142857143
1199611,1999-12-31,1.04081632653061
1199611,2000-03-31,1.04081632653061
1199611,2000-06-30,1.03636363636364
1199611,2000-09-30,1.03636363636364
1199611,2000-12-31,1.03571428571429
1199611,2001-03-31,1.03448275862069
1199611,2001-06-30,1.03389830508475
1199611,2001-09-30,1.03846153846154
1199611,2001-12-31,1.03846153846154
1199611,2002-03-31,1.03921568627451
1199611,2002-06-30,1.03921568627451
1199611,2002-09-30,1.03921568627451
1199611,2002-12-31,1.03921568627451
1199611,2003-03-31,1.03921568627451
1199611,2003-06-30,1.03921568627451
1199611,2003-09-30,1.03921568627451
1199611,2003-12-31,1.04081632653061
1199611,2004-03-31,1.07272727272727
1199611,2004-06-30,1.07272727272727
1199611,2004-09-30,1.07272727272727
1199611,2004-12-31,1.07142857142857
1199611,2005-03-31,1.25882352941176
1199611,2005-06-30,1.27058823529412
1199611,2005-09-30,1.27058823529412
1199611,2005-12-31,1.27906976744186
1199611,2006-03-31,1.27586206896552
1199611,2006-06-30,1.27586206896552
1199611,2006-09-30,1.28048780487805
1199611,2006-12-31,1.30263157894737
1199611,2007-03-31,1.2987012987013
1199611,2007-06-30,1.25316455696203
1199611,2007-09-30,1.25316455696203
1199611,2007-12-31,1.25316455696203
1199611,2008-03-31,1.25641025641026
1199611,2008-06-30,1.25641025641026
1199611,2008-09-30,1.25641025641026
1199611,2008-12-31,1.25974025974026
1199611,2009-03-31,1.26315789473684
1199611,2009-06-30,1.25974025974026
1199611,2009-09-30,1.25974025974026
1199611,2009-12-31,1.27397260273973
1199611,2010-03-31,1.27397260273973
1199611,2010-06-30,1.27397260273973
1199611,2010-09-30,1.27397260273973
1199611,2010-12-31,1.27397260273973
1199611,2011-03-31,1.27397260273973
1199611,2011-06-30,1.24675324675325
1199611,2011-09-30,1.22784810126582
1199611,2011-12-31,1.24285714285714
1199611,2012-03-31,1.2463768115942
1199611,2012-06-30,1.2463768115942
1199611,2012-09-30,1.25373134328358
1199611,2012-12-31,1.25757575757576
1199611,2013-03-31,1.24242424242424
1199611,2013-06-30,1.24242424242424
1199611,2013-09-30,1.29850746268657
1199611,2013-12-31,1.28787878787879
1199611,2014-03-31,1.26984126984127
1199611,2014-06-30,1.1875
1199611,2014-09-30,1.17460317460317
1199611,2014-12-31,1.18032786885246
1199611,2015-03-31,1.18333333333333
1199611,2015-06-30,1.18333333333333
1199611,2015-09-30,1.18032786885246
1199611,2015-12-31,1.18032786885246
1199611,2016-03-31,1.18032786885246
1199611,2016-06-30,1.17741935483871
1199611,2016-09-30,1.17741935483871
1199611,2016-12-31,1.18032786885246
1199611,2017-03-31,1.17741935483871
1199611,2017-06-30,1.17460317460317
1199611,2017-09-30,1.17391304347826
1199611,2017-12-31,1.16438356164384
1199611,2018-03-31,1.15277777777778
1199611,2018-06-30,1.14666666666667
1199611,2018-09-30,1.14285714285714
1245415,1999-12-31,1.02739726027397
1245415,2000-03-31,1.02898550724638
1245415,2000-06-30,1.02941176470588
1245415,2000-09-30,1.02985074626866
1245415,2000-12-31,1.03125
1245415,2001-03-31,1.03225806451613
1245415,2001-06-30,1.0327868852459
1245415,2001-09-30,1.03636363636364
1245415,2001-12-31,1.05555555555556
1245415,2002-03-31,1.05454545454545
1245415,2002-06-30,1.06349206349206
1245415,2002-09-30,1.04838709677419
1245415,2002-12-31,1.04761904761905
1245415,2003-03-31,1.03125
1245415,2003-06-30,1.03125
1245415,2003-09-30,1.03076923076923
1245415,2003-12-31,1.03076923076923
1245415,2004-03-31,1.03076923076923
1245415,2004-06-30,1.03125
1245415,2004-09-30,1.03225806451613
1245415,2004-12-31,1.07246376811594
1245415,2005-03-31,1.04477611940299
1245415,2005-06-30,1.04761904761905
1245415,2005-09-30,1.02564102564103
1245415,2005-12-31,1.02631578947368
1245415,2006-03-31,1.02631578947368
1245415,2006-06-30,1.02631578947368
1245415,2006-09-30,1.02777777777778
1245415,2006-12-31,1.02777777777778
1245415,2007-03-31,1.025
1245415,2007-06-30,1.02941176470588
1245415,2007-09-30,1.03125
1245415,2007-12-31,1.03333333333333
1245415,2008-03-31,1.02040816326531
1245415,2008-06-30,1.02173913043478
1245415,2008-09-30,1.04651162790698
1245415,2008-12-31,1.04545454545455
1245415,2009-03-31,1.04651162790698
1245415,2009-06-30,1.04651162790698
1245415,2009-09-30,1.05
1245415,2009-12-31,1.04878048780488
1245415,2010-03-31,1.04878048780488
1245415,2010-06-30,1.04761904761905
1245415,2010-09-30,1.05
1245415,2010-12-31,1.05405405405405
1245415,2011-03-31,1.05405405405405
1245415,2011-06-30,1.05263157894737
1245415,2011-09-30,1.01724137931034
1245415,2011-12-31,1.02898550724638
1245415,2012-03-31,1.02985074626866
1245415,2012-06-30,1.03636363636364
1245415,2012-09-30,1.02173913043478
1245415,2012-12-31,1.02272727272727
1245415,2013-03-31,1.02272727272727
1245415,2013-06-30,1.02325581395349
1245415,2013-09-30,1.02380952380952
1245415,2013-12-31,1.02380952380952
1245415,2014-03-31,1.025
1245415,2014-06-30,1.02564102564103
1245415,2014-09-30,1.02631578947368
1245415,2014-12-31,1.02040816326531
1245415,2015-03-31,1.02040816326531
1245415,2015-06-30,1.02083333333333
1245415,2015-09-30,1.02127659574468
1245415,2015-12-31,1.02127659574468
1245415,2016-03-31,1.02127659574468
1245415,2016-06-30,1.025
1245415,2016-09-30,1.025
1245415,2016-12-31,1.02857142857143
1245415,2017-03-31,1.02857142857143
1245415,2017-06-30,1.03030303030303
1245415,2017-09-30,1.03030303030303
1245415,2017-12-31,1.03703703703704
1245415,2018-03-31,1.03846153846154
1245415,2018-06-30,1.03846153846154
1245415,2018-09-30,1.03448275862069
1275216,2008-12-31,1.0990990990991
1275216,2009-03-31,1.09865470852018
1275216,2009-06-30,1.0990990990991
1275216,2009-09-30,1.09954751131222
1275216,2009-12-31,1.09839816933638
1275216,2010-03-31,1.09859154929577
1275216,2010-06-30,1.10120481927711
1275216,2010-09-30,1.10679611650485
1275216,2010-12-31,1.10922330097087
1275216,2011-03-31,1.11298076923077
1275216,2011-06-30,1.11302211302211
1275216,2011-09-30,1.09885057471264
1275216,2011-12-31,1.1
1275216,2012-03-31,1.09466019417476
1275216,2012-06-30,1.0958230958231
1275216,2012-09-30,1.10096153846154
1275216,2012-12-31,1.10096153846154
1275216,2013-03-31,1.09975669099757
1275216,2013-06-30,1.09927360774818
1275216,2013-09-30,1.1
1275216,2013-12-31,1.1
1275216,2014-03-31,1.0997506234414
1275216,2014-06-30,1.11483253588517
1275216,2014-09-30,1.11483253588517
1275216,2014-12-31,1.11483253588517
1275216,2015-03-31,1.11491442542787
1275216,2015-06-30,1.11519607843137
1275216,2015-09-30,1.11442786069652
1275216,2015-12-31,1.11194029850746
1275216,2016-03-31,1.12234042553191
1275216,2016-06-30,1.12466124661247
1275216,2016-09-30,1.12041884816754
1275216,2016-12-31,1.11825192802057
1275216,2017-03-31,1.11335012594458
1275216,2017-06-30,1.11029411764706
1275216,2017-09-30,1.11084905660377
1275216,2017-12-31,1.11320754716981
1275216,2018-03-31,1.11368909512761
1275216,2018-06-30,1.15412186379928
1275216,2018-09-30,1.14024390243902
1378434,1999-12-31,1.02127659574468
1378434,2000-03-31,1.02127659574468
1378434,2000-06-30,1.02040816326531
1378434,2000-09-30,1.09615384615385
1378434,2000-12-31,1.08474576271186
1378434,2001-03-31,1.08196721311475
1378434,2001-06-30,1.01724137931034
1378434,2001-09-30,1.02439024390244
1378434,2001-12-31,1.02222222222222
1378434,2002-03-31,1.0625
1378434,2002-06-30,1.06122448979592
1378434,2002-09-30,1.06122448979592
1378434,2002-12-31,1.06451612903226
1378434,2003-03-31,1.0655737704918
1378434,2003-06-30,1.06349206349206
1378434,2003-09-30,1.06349206349206
1378434,2003-12-31,1.06944444444444
1378434,2004-03-31,1.06849315068493
1378434,2004-06-30,1.11538461538462
1378434,2004-09-30,1.11538461538462
1378434,2004-12-31,1.11392405063291
1378434,2005-03-31,1.10975609756098
1378434,2005-06-30,1.14117647058824
1378434,2005-09-30,1.13793103448276
1378434,2005-12-31,1.13186813186813
1378434,2006-03-31,1.13483146067416
1378434,2006-06-30,1.13978494623656
1378434,2006-09-30,1.13684210526316
1378434,2006-12-31,1.16326530612245
1378434,2007-03-31,1.16326530612245
1378434,2007-06-30,1.23595505617978
1378434,2007-09-30,1.23595505617978
1378434,2007-12-31,1.22826086956522
1378434,2008-03-31,1.22340425531915
1378434,2008-06-30,1.2258064516129
1378434,2008-09-30,1.22105263157895
1378434,2008-12-31,1.20792079207921
1378434,2009-03-31,1.20388349514563
1378434,2009-06-30,1.19266055045872
1378434,2009-09-30,1.19090909090909
1378434,2009-12-31,1.1875
1378434,2010-03-31,1.17796610169492
1378434,2010-06-30,1.17796610169492
1378434,2010-09-30,1.17796610169492
1378434,2010-12-31,1.168
1378434,2011-03-31,1.16666666666667
1378434,2011-06-30,1.17910447761194
1378434,2011-09-30,1.17518248175182
1378434,2011-12-31,1.15189873417722
1378434,2012-03-31,1.15060240963855
1378434,2012-06-30,1.15384615384615
1378434,2012-09-30,1.15028901734104
1378434,2012-12-31,1.13541666666667
1378434,2013-03-31,1.13197969543147
1378434,2013-06-30,1.12807881773399
1378434,2013-09-30,1.125
1378434,2013-12-31,1.12871287128713
1378434,2014-03-31,1.1244019138756
1378434,2014-06-30,1.11961722488038
1378434,2014-09-30,1.11904761904762
1378434,2014-12-31,1.11520737327189
1378434,2015-03-31,1.10952380952381
1378434,2015-06-30,1.10697674418605
1378434,2015-09-30,1.10697674418605
1378434,2015-12-31,1.10267857142857
1378434,2016-03-31,1.10267857142857
1378434,2016-06-30,1.1036036036036
1378434,2016-09-30,1.09663865546219
1378434,2016-12-31,1.09426229508197
1378434,2017-03-31,1.09349593495935
1378434,2017-06-30,1.09090909090909
1378434,2017-09-30,1.09016393442623
1378434,2017-12-31,1.08870967741935
1378434,2018-03-31,1.08870967741935
1378434,2018-06-30,1.08870967741935
1378434,2018-09-30,1.08979591836735
1447376,1999-12-31,1.5
1447376,2000-03-31,1.5
1447376,2000-06-30,1.5
1447376,2000-09-30,1.5
1447376,2000-12-31,1.5
1447376,2001-03-31,1.5
1447376,2001-06-30,1.5
1447376,2001-09-30,1.5
1447376,2001-12-31,1.5
1447376,2002-03-31,1.5
1447376,2002-06-30,1.5
1447376,2002-09-30,1.5
1447376,2002-12-31,1.5
1447376,2003-03-31,1.5
1447376,2003-06-30,1.5
1447376,2003-09-30,1.5
1447376,2003-12-31,1.5
1447376,2004-03-31,1.5
1447376,2004-06-30,1.5
1447376,2004-09-30,1.5
1447376,2004-12-31,1.5
1447376,2005-03-31,1.5
1447376,2005-06-30,1.5
1447376,2005-09-30,1.5
1447376,2005-12-31,1.5
1447376,2006-03-31,1.5
1447376,2006-06-30,1.5
1447376,2006-09-30,1.5
1447376,2006-12-31,1.5
1447376,2007-03-31,1.5
1447376,2007-06-30,1.5
1447376,2007-09-30,1.5
1447376,2007-12-31,1.33333333333333
1447376,2008-03-31,1.33333333333333
1447376,2008-06-30,1.33333333333333
1447376,2008-09-30,1.33333333333333
1447376,2008-12-31,1.33333333333333
1447376,2009-03-31,1.33333333333333
1447376,2009-06-30,1.33333333333333
1447376,2009-09-30,1.33333333333333
1447376,2009-12-31,1.33333333333333
1447376,2010-03-31,1.33333333333333
1447376,2010-06-30,1.33333333333333
1447376,2010-09-30,1.33333333333333
1447376,2010-12-31,1.33333333333333
1447376,2011-03-31,1.33333333333333
1447376,2011-06-30,1.33333333333333
1447376,2011-09-30,1.02380952380952
1447376,2011-12-31,1.02380952380952
1447376,2012-03-31,1.02380952380952
1447376,2012-06-30,1.02380952380952
1447376,2012-09-30,1.02380952380952
1447376,2012-12-31,1.04651162790698
1447376,2013-03-31,1.04651162790698
1447376,2013-06-30,1.04651162790698
1447376,2013-09-30,1.19444444444444
1447376,2013-12-31,1.22881355932203
1447376,2014-03-31,1.24137931034483
1447376,2014-06-30,1.23907455012853
1447376,2014-09-30,1.26995305164319
1447376,2014-12-31,1.25316455696203
1447376,2015-03-31,1.26377952755906
1447376,2015-06-30,1.26811594202899
1447376,2015-09-30,1.27604166666667
1447376,2015-12-31,1.2879746835443
1447376,2016-03-31,1.29249617151608
1447376,2016-06-30,1.31082981715893
1447376,2016-09-30,1.31972789115646
1447376,2016-12-31,1.31840796019901
1447376,2017-03-31,1.3189448441247
1447376,2017-06-30,1.31892523364486
1447376,2017-09-30,1.31791907514451
1447376,2017-12-31,1.31651376146789
1447376,2018-03-31,1.31173184357542
1447376,2018-06-30,1.30924548352816
1447376,2018-09-30,1.30555555555556
1562859,2008-12-31,1.06597222222222
1562859,2009-03-31,1.06597222222222
1562859,2009-06-30,1.06484641638225
1562859,2009-09-30,1.06551724137931
1562859,2009-12-31,1.05985915492958
1562859,2010-03-31,1.06415094339623
1562859,2010-06-30,1.06390977443609
1562859,2010-09-30,1.06463878326996
1562859,2010-12-31,1.06425702811245
1562859,2011-03-31,1.07936507936508
1562859,2011-06-30,1.08433734939759
1562859,2011-09-30,1.08097165991903
1562859,2011-12-31,1.08196721311475
1562859,2012-03-31,1.08438818565401
1562859,2012-06-30,1.08547008547009
1562859,2012-09-30,1.07142857142857
1562859,2012-12-31,1.07142857142857
1562859,2013-03-31,1.0316742081448
1562859,2013-06-30,1.02717391304348
1562859,2013-09-30,1.02958579881657
1562859,2013-12-31,1.04
1562859,2014-03-31,1.04166666666667
1562859,2014-06-30,1.04347826086957
1562859,2014-09-30,1.04347826086957
1562859,2014-12-31,1.04705882352941
1562859,2015-03-31,1.04878048780488
1562859,2015-06-30,1.05405405405405
1562859,2015-09-30,1.05633802816901
1562859,2015-12-31,1.05797101449275
1562859,2016-03-31,1.05479452054795
1562859,2016-06-30,1.05128205128205
1562859,2016-09-30,1.05128205128205
1562859,2016-12-31,1.05405405405405
1562859,2017-03-31,1.04285714285714
1562859,2017-06-30,1.04225352112676
1562859,2017-09-30,1.04054054054054
1562859,2017-12-31,1.04054054054054
1562859,2018-03-31,1.04054054054054
1562859,2018-06-30,1.04054054054054
1562859,2018-09-30,1.04109589041096
1574834,2016-09-30,1.42173112338858
1574834,2016-12-31,1.43703703703704
1574834,2017-03-31,1.43068391866913
1574834,2017-06-30,1.42595978062157
1574834,2017-09-30,1.38577586206897
1574834,2017-12-31,1.40342298288509
1574834,2018-03-31,1.40786240786241
1574834,2018-06-30,1.40841584158416
1574834,2018-09-30,1.42377260981912
1575569,2016-09-30,1.05194805194805
1575569,2016-12-31,1.05263157894737
1575569,2017-03-31,1.05333333333333
1575569,2017-06-30,1.04054054054054
1575569,2017-09-30,1.03409090909091
1575569,2017-12-31,1.03703703703704
1575569,2018-03-31,1.04081632653061
1575569,2018-06-30,1.03883495145631
1575569,2018-09-30,1.03738317757009
1607170,1999-12-31,1.5
1607170,2000-03-31,1.5
1607170,2000-06-30,1.5
1607170,2000-09-30,1.5
1607170,2000-12-31,1.5
1607170,2001-03-31,1.5
1607170,2001-06-30,1.5
1607170,2001-09-30,1.5
1607170,2001-12-31,1.5
1607170,2002-03-31,1.5
1607170,2002-06-30,1.5
1607170,2002-09-30,1.5
1607170,2002-12-31,1.5
1607170,2003-03-31,1.5
1607170,2003-06-30,1.5
1607170,2003-09-30,1.5
1607170,2003-12-31,1.5
1607170,2004-03-31,1.5
1607170,2004-06-30,1.5
1607170,2004-09-30,1.5
1607170,2004-12-31,1.5
1607170,2005-03-31,1.5
1607170,2005-06-30,1.5
1607170,2005-09-30,1.5
1607170,2005-12-31,1.5
1607170,2006-03-31,1.5
1607170,2006-06-30,1.5
1607170,2006-09-30,1.5
1607170,2006-12-31,1.5
1607170,2007-03-31,1.5
1607170,2007-06-30,1.5
1607170,2007-09-30,1.5
1607170,2007-12-31,1.5
1607170,2008-03-31,1.5
1607170,2008-06-30,1.5
1607170,2008-09-30,1.5
1607170,2008-12-31,1.5
1607170,2009-03-31,1.5
1607170,2009-06-30,1.5
1607170,2009-09-30,1.5
1607170,2009-12-31,1.5
1607170,2010-03-31,1.5
1607170,2010-06-30,1.5
1607170,2010-09-30,1.5
1607170,2010-12-31,1.5
1607170,2011-03-31,1.5
1607170,2011-06-30,1.5
1607170,2011-09-30,1.04
1607170,2011-12-31,1.03846153846154
1607170,2012-03-31,1.02325581395349
1607170,2012-06-30,1.02222222222222
1607170,2012-09-30,1.02222222222222
1607170,2012-12-31,1.02768166089965
1607170,2013-03-31,1.02684563758389
1607170,2013-06-30,1.02980132450331
1607170,2013-09-30,1.02941176470588
1607170,2013-12-31,1.02852614896989
1607170,2014-03-31,1.03343465045593
1607170,2014-06-30,1.02962085308057
1607170,2014-09-30,1.02870264064294
1607170,2014-12-31,1.03409090909091
1607170,2015-03-31,1.03370786516854
1607170,2015-06-30,1.03816046966732
1607170,2015-09-30,1.03846153846154
1607170,2015-12-31,1.05035971223022
1607170,2016-03-31,1.05183199285076
1607170,2016-06-30,1.0546875
1607170,2016-09-30,1.05444355484388
1607170,2016-12-31,1.06547155105222
1607170,2017-03-31,1.06718146718147
1607170,2017-06-30,1.06631097560976
1607170,2017-09-30,1.06838235294118
1607170,2017-12-31,1.07054545454545
1607170,2018-03-31,1.07064821558631
1607170,2018-06-30,1.07064821558631
1607170,2018-09-30,1.07064821558631
1951350,1999-12-31,1.14750445632799
1951350,2000-03-31,1.14721254355401
1951350,2000-06-30,1.15033500837521
1951350,2000-09-30,1.14840843323687
1951350,2000-12-31,1.14408682634731
1951350,2001-03-31,1.14200743494424
1951350,2001-06-30,1.14669652855543
1951350,2001-09-30,1.1145703611457
1951350,2001-12-31,1.12213740458015
1951350,2002-03-31,1.12345679012346
1951350,2002-06-30,1.12059973924381
1951350,2002-09-30,1.1006160164271
1951350,2002-12-31,1.09905020352782
1951350,2003-03-31,1.10109289617486
1951350,2003-06-30,1.10418094585332
1951350,2003-09-30,1.10964607911173
1951350,2003-12-31,1.11559888579387
1951350,2004-03-31,1.11346548188653
1951350,2004-06-30,1.11118737131091
1951350,2004-09-30,1.11297915265636
1951350,2004-12-31,1.11484217595702
1951350,2005-03-31,1.1205298013245
1951350,2005-06-30,1.12180746561886
1951350,2005-09-30,1.10027855153203
1951350,2005-12-31,1.10215427380125
1951350,2006-03-31,1.10290055248619
1951350,2006-06-30,1.11252511721366
1951350,2006-09-30,1.11838624338624
1951350,2006-12-31,1.12015758371635
1951350,2007-03-31,1.13002512562814
1951350,2007-06-30,1.11434621492853
1951350,2007-09-30,1.11410788381743
1951350,2007-12-31,1.11048879837067
1951350,2008-03-31,1.11386639676113
1951350,2008-06-30,1.11995809324254
1951350,2008-09-30,1.12279765082755
1951350,2008-12-31,1.12628170534269
1951350,2009-03-31,1.12731229597388
1951350,2009-06-30,1.12493297587131
1951350,2009-09-30,1.12473347547974
1951350,2009-12-31,1.12890839275919
1951350,2010-03-31,1.12534059945504
1951350,2010-06-30,1.12590127565169
1951350,2010-09-30,1.12924791086351
1951350,2010-12-31,1.12213302752294
1951350,2011-03-31,1.12607449856734
1951350,2011-06-30,1.12507138777841
1951350,2011-09-30,1.12901376146789
1951350,2011-12-31,1.12433706540955
1951350,2012-03-31,1.1262596324837
1951350,2012-06-30,1.12715389185977
1951350,2012-09-30,1.12544589774078
1951350,2012-12-31,1.11911679256246
1951350,2013-03-31,1.11726954492415
1951350,2013-06-30,1.13826146475017
1951350,2013-09-30,1.1373779637378
1951350,2013-12-31,1.12207602339181
1951350,2014-03-31,1.117123795404
1951350,2014-06-30,1.11469265367316
1951350,2014-09-30,1.10941086457536
1951350,2014-12-31,1.11162790697674
1951350,2015-03-31,1.10812943962115
1951350,2015-06-30,1.10680379746835
1951350,2015-09-30,1.10699588477366
1951350,2015-12-31,1.10998307952623
1951350,2016-03-31,1.11159546643418
1951350,2016-06-30,1.11926605504587
1951350,2016-09-30,1.1125703564728
1951350,2016-12-31,1.10995260663507
1951350,2017-03-31,1.11090047393365
1951350,2017-06-30,1.12178877259753
1951350,2017-09-30,1.13300492610837
1951350,2017-12-31,1.12674650698603
1951350,2018-03-31,1.11938775510204
1951350,2018-06-30,1.11897435897436
1951350,2018-09-30,1.10666666666667
2162966,1999-12-31,1.2
2162966,2000-03-31,1.2
2162966,2000-06-30,1.2
2162966,2000-09-30,1.2
2162966,2000-12-31,1.2
2162966,2001-03-31,1.2
2162966,2001-06-30,1.2
2162966,2001-09-30,1.2
2162966,2001-12-31,1.2
2162966,2002-03-31,1.2
2162966,2002-06-30,1.2
2162966,2002-09-30,1.2
2162966,2002-12-31,1.2
2162966,2003-03-31,1.2
2162966,2003-06-30,1.2
2162966,2003-09-30,1.2
2162966,2003-12-31,1.2
2162966,2004-03-31,1.2
2162966,2004-06-30,1.2
2162966,2004-09-30,1.2
2162966,2004-12-31,1.2
2162966,2005-03-31,1.2
2162966,2005-06-30,1.2
2162966,2005-09-30,1.2
2162966,2005-12-31,1.2
2162966,2006-03-31,1.2
2162966,2006-06-30,1.2
2162966,2006-09-30,1.2
2162966,2006-12-31,1.2
2162966,2007-03-31,1.2
2162966,2007-06-30,1.25
2162966,2007-09-30,1.25
2162966,2007-12-31,1.25
2162966,2008-03-31,1.25
2162966,2008-06-30,1.25
2162966,2008-09-30,1.23887453344818
2162966,2008-12-31,1.242
2162966,2009-03-31,1.24136955291454
2162966,2009-06-30,1.23959474260679
2162966,2009-09-30,1.23432078996531
2162966,2009-12-31,1.23696055070162
2162966,2010-03-31,1.24352879027998
2162966,2010-06-30,1.25841476655809
2162966,2010-09-30,1.25687331536388
2162966,2010-12-31,1.26102245063565
2162966,2011-03-31,1.26768802228412
2162966,2011-06-30,1.27039106145251
2162966,2011-09-30,1.27507163323782
2162966,2011-12-31,1.27679349404589
2162966,2012-03-31,1.28086600351083
2162966,2012-06-30,1.29232571763327
2162966,2012-09-30,1.29190151290418
2162966,2012-12-31,1.28369434416366
2162966,2013-03-31,1.29141291108404
2162966,2013-06-30,1.29838709677419
2162966,2013-09-30,1.2993769470405
2162966,2013-12-31,1.30304955527319
2162966,2014-03-31,1.30939403655018
2162966,2014-06-30,1.30779178790818
2162966,2014-09-30,1.30998702983139
2162966,2014-12-31,1.31523527476143
2162966,2015-03-31,1.31098572850979
2162966,2015-06-30,1.31198141387322
2162966,2015-09-30,1.31264597931265
2162966,2015-12-31,1.31470485504715
2162966,2016-03-31,1.30901438091898
2162966,2016-06-30,1.31664212076583
2162966,2016-09-30,1.33151183970856
2162966,2016-12-31,1.32891344383057
2162966,2017-03-31,1.34908657664813
2162966,2017-06-30,1.35033610122578
2162966,2017-09-30,1.3491935483871
2162966,2017-12-31,1.35388409371147
2162966,2018-03-31,1.34096484055601
2162966,2018-06-30,1.34766432410087
2162966,2018-09-30,1.36709956709957
2277860,2004-12-31,1.16949152542373
2277860,2005-03-31,1.125
2277860,2005-06-30,1.11538461538462
2277860,2005-09-30,1.11392405063291
2277860,2005-12-31,1.07964601769912
2277860,2006-03-31,1.09174311926606
2277860,2006-06-30,1.07476635514019
2277860,2006-09-30,1.07339449541284
2277860,2006-12-31,1.05369127516779
2277860,2007-03-31,1.05263157894737
2277860,2007-06-30,1.0472972972973
2277860,2007-09-30,1.05405405405405
2277860,2007-12-31,1.04761904761905
2277860,2008-03-31,1.04827586206897
2277860,2008-06-30,1.04964539007092
2277860,2008-09-30,1.04964539007092
2277860,2008-12-31,1.05072463768116
2277860,2009-03-31,1.0472972972973
2277860,2009-06-30,1.04166666666667
2277860,2009-09-30,1.04225352112676
2277860,2009-12-31,1.04255319148936
2277860,2010-03-31,1.04347826086957
2277860,2010-06-30,1.04411764705882
2277860,2010-09-30,1.04444444444444
2277860,2010-12-31,1.04477611940299
2277860,2011-03-31,1.04651162790698
2277860,2011-06-30,1.0495867768595
2277860,2011-09-30,1.04918032786885
2277860,2011-12-31,1.04838709677419
2277860,2012-03-31,1.05185185185185
2277860,2012-06-30,1.05109489051095
2277860,2012-09-30,1.04929577464789
2277860,2012-12-31,1.04444444444444
2277860,2013-03-31,1.048
2277860,2013-06-30,1.04878048780488
2277860,2013-09-30,1.04132231404959
2277860,2013-12-31,1.032
2277860,2014-03-31,1.03225806451613
2277860,2014-06-30,1.032
2277860,2014-09-30,1.03100775193798
2277860,2014-12-31,1.02919708029197
2277860,2015-03-31,1.02702702702703
2277860,2015-06-30,1.02631578947368
2277860,2015-09-30,1.02631578947368
2277860,2015-12-31,1.02272727272727
2277860,2016-03-31,1.02173913043478
2277860,2016-06-30,1.02094240837696
2277860,2016-09-30,1.01990049751244
2277860,2016-12-31,1.01869158878505
2277860,2017-03-31,1.01860465116279
2277860,2017-06-30,1.0174672489083
2277860,2017-09-30,1.01544401544402
2277860,2017-12-31,1.01459854014599
2277860,2018-03-31,1.01418439716312
2277860,2018-06-30,1.01365187713311
2277860,2018-09-30,1.0126582278481
2380443,2008-09-30,1.39580801944107
2380443,2008-12-31,1.39647971360382
2380443,2009-03-31,1.39674556213018
2380443,2009-06-30,1.39877835951134
2380443,2009-09-30,1.41448118586089
2380443,2009-12-31,1.41851220897218
2380443,2010-03-31,1.42122905027933
2380443,2010-06-30,1.42741485203797
2380443,2010-09-30,1.44231835829174
2380443,2010-12-31,1.44075699396599
2380443,2011-03-31,1.44342425060762
2380443,2011-06-30,1.45112374763065
2380443,2011-09-30,1.46
2380443,2011-12-31,1.4609872611465
2380443,2012-03-31,1.45980366144866
2380443,2012-06-30,1.45031928480204
2380443,2012-09-30,1.45406360424028
2380443,2012-12-31,1.45503875968992
2380443,2013-03-31,1.45733788395904
2380443,2013-06-30,1.45607670380928
2380443,2013-09-30,1.4519056261343
2380443,2013-12-31,1.4473049074819
2380443,2014-03-31,1.43396226415094
2380443,2014-06-30,1.43903088391906
2380443,2014-09-30,1.43929712460064
2380443,2014-12-31,1.4196905766526
2380443,2015-03-31,1.41159586681975
2380443,2015-06-30,1.41145833333333
2380443,2015-09-30,1.41203992514036
2380443,2015-12-31,1.39170205815093
2380443,2016-03-31,1.38567222767419
2380443,2016-06-30,1.37636544190665
2380443,2016-09-30,1.36813559322034
2380443,2016-12-31,1.37304288631722
2380443,2017-03-31,1.37263820853744
2380443,2017-06-30,1.37415208853981
2380443,2017-09-30,1.38469866474197
2380443,2017-12-31,1.37964338781575
2380443,2018-03-31,1.38578088578089
2380443,2018-06-30,1.36815068493151
2380443,2018-09-30,1.37180579216354
2816906,1999-12-31,1.14855072463768
2816906,2000-03-31,1.15976331360947
2816906,2000-06-30,1.16438356164384
2816906,2000-09-30,1.17441860465116
2816906,2000-12-31,1.17543859649123
2816906,2001-03-31,1.16282225237449
2816906,2001-06-30,1.16326530612245
2816906,2001-09-30,1.15221238938053
2816906,2001-12-31,1.15384615384615
2816906,2002-03-31,1.1376673040153
2816906,2002-06-30,1.15068493150685
2816906,2002-09-30,1.14680483592401
2816906,2002-12-31,1.15471698113208
2816906,2003-03-31,1.16135084427767
2816906,2003-06-30,1.15885947046843
2816906,2003-09-30,1.17695473251029
2816906,2003-12-31,1.21382289416847
2816906,2004-03-31,1.23167848699764
2816906,2004-06-30,1.2326139088729
2816906,2004-09-30,1.22836538461538
2816906,2004-12-31,1.23132530120482
2816906,2005-03-31,1.23821339950372
2816906,2005-06-30,1.23645320197044
2816906,2005-09-30,1.23844282238443
2816906,2005-12-31,1.24819277108434
2816906,2006-03-31,1.24317617866005
2816906,2006-06-30,1.23724489795918
2816906,2006-09-30,1.22938144329897
2816906,2006-12-31,1.21374045801527
2816906,2007-03-31,1.20843672456576
2816906,2007-06-30,1.2025
2816906,2007-09-30,1.20843672456576
2816906,2007-12-31,1.24824355971897
2816906,2008-03-31,1.25
2816906,2008-06-30,1.25659472422062
2816906,2008-09-30,1.25238095238095
2816906,2008-12-31,1.25242718446602
2816906,2009-03-31,1.25990099009901
2816906,2009-06-30,1.26817042606516
2816906,2009-09-30,1.272
2816906,2009-12-31,1.28571428571429
2816906,2010-03-31,1.26775956284153
2816906,2010-06-30,1.25409836065574
2816906,2010-09-30,1.24137931034483
2816906,2010-12-31,1.22752808988764
2816906,2011-03-31,1.21165644171779
2816906,2011-06-30,1.20322580645161
2816906,2011-09-30,1.20066889632107
2816906,2011-12-31,1.20529801324503
2816906,2016-09-30,1.10059171597633
2816906,2016-12-31,1.11320754716981
2816906,2017-03-31,1.12162162162162
2816906,2017-06-30,1.12179487179487
2816906,2017-09-30,1.13736263736264
2816906,2017-12-31,1.11666666666667
2816906,2018-03-31,1.11864406779661
2816906,2018-06-30,1.08148148148148
2816906,2018-09-30,1.09322033898305
2961897,2001-06-30,1.06299212598425
2961897,2001-09-30,1.07216494845361
2961897,2001-12-31,1.06930693069307
2961897,2002-03-31,1.08653846153846
2961897,2002-06-30,1.08571428571429
2961897,2002-09-30,1.0873786407767
2961897,2002-12-31,1.08849557522124
2961897,2003-03-31,1.09259259259259
2961897,2003-06-30,1.09090909090909
2961897,2003-09-30,1.09090909090909
2961897,2003-12-31,1.09243697478992
2961897,2004-03-31,1.09166666666667
2961897,2004-06-30,1.12
2961897,2004-09-30,1.12280701754386
2961897,2004-12-31,1.12173913043478
2961897,2005-03-31,1.11864406779661
2961897,2005-06-30,1.13223140495868
2961897,2005-09-30,1.12295081967213
2961897,2005-12-31,1.12977099236641
2961897,2006-03-31,1.125
2961897,2006-06-30,1.12878787878788
2961897,2006-09-30,1.12686567164179
2961897,2006-12-31,1.14598540145985
2961897,2007-03-31,1.13970588235294
2961897,2007-06-30,1.23846153846154
2961897,2007-09-30,1.23846153846154
2961897,2007-12-31,1.23134328358209
2961897,2008-03-31,1.27142857142857
2961897,2008-06-30,1.18320610687023
2961897,2008-09-30,1.20740740740741
2961897,2008-12-31,1.19178082191781
2961897,2009-03-31,1.19310344827586
2961897,2009-06-30,1.18791946308725
2961897,2009-09-30,1.18181818181818
2961897,2009-12-31,1.17948717948718
2961897,2010-03-31,1.1304347826087
2961897,2010-06-30,1.13207547169811
2961897,2010-09-30,1.13207547169811
2961897,2010-12-31,1.12650602409639
2961897,2011-03-31,1.1271676300578
2961897,2011-06-30,1.13953488372093
2961897,2011-09-30,1.13636363636364
2961897,2011-12-31,1.13586956521739
2961897,2012-03-31,1.13541666666667
2961897,2012-06-30,1.13705583756345
2961897,2012-09-30,1.13300492610837
2961897,2012-12-31,1.12053571428571
2961897,2013-03-31,1.11739130434783
2961897,2013-06-30,1.11392405063291
2961897,2013-09-30,1.10843373493976
2961897,2013-12-31,1.11111111111111
2961897,2014-03-31,1.10843373493976
2961897,2014-06-30,1.10714285714286
2961897,2014-09-30,1.1031746031746
2961897,2014-12-31,1.10276679841897
2961897,2015-03-31,1.09756097560976
2961897,2015-06-30,1.09561752988048
2961897,2015-09-30,1.0952380952381
2961897,2015-12-31,1.09019607843137
2961897,2016-03-31,1.09019607843137
2961897,2016-06-30,1.092
2961897,2016-09-30,1.09756097560976
2961897,2016-12-31,1.09486166007905
2961897,2017-03-31,1.09411764705882
2961897,2017-06-30,1.09163346613546
2961897,2017-09-30,1.09236947791165
2961897,2017-12-31,1.09090909090909
2961897,2018-03-31,1.09090909090909
2961897,2018-06-30,1.09126984126984
2961897,2018-09-30,1.09236947791165
3226762,2003-12-31,1.21111111111111
3226762,2004-03-31,1.21590909090909
3226762,2004-06-30,1.21951219512195
3226762,2004-09-30,1.23863636363636
3226762,2004-12-31,1.23529411764706
3226762,2005-03-31,1.23170731707317
3226762,2005-06-30,1.23456790123457
3226762,2005-09-30,1.04444444444444
3226762,2005-12-31,1.04444444444444
3226762,2006-03-31,1.04444444444444
3226762,2006-06-30,1.05
3226762,2006-09-30,1.05
3226762,2006-12-31,1.04761904761905
3226762,2007-03-31,1.06382978723404
3226762,2007-06-30,1.0625
3226762,2007-09-30,1.0625
3226762,2007-12-31,1.06122448979592
3226762,2008-03-31,1.02941176470588
3226762,2008-06-30,1.03703703703704
3226762,2008-09-30,1.03703703703704
3226762,2008-12-31,1.03846153846154
3226762,2009-03-31,1.0377358490566
3226762,2009-06-30,1.04081632653061
3226762,2009-09-30,1.04255319148936
3226762,2009-12-31,1.05128205128205
3226762,2010-03-31,1.05263157894737
3226762,2010-06-30,1.05263157894737
3226762,2010-09-30,1.05882352941176
3226762,2010-12-31,1.03333333333333
3226762,2011-03-31,1.03703703703704
3226762,2011-06-30,1.04
3226762,2011-09-30,1.04166666666667
3226762,2011-12-31,1.04166666666667
3226762,2015-12-31,1.02298850574713
3226762,2016-03-31,1.02352941176471
3226762,2016-06-30,1.02325581395349
3226762,2016-09-30,1.02325581395349
3226762,2016-12-31,1.02564102564103
3226762,2017-03-31,1.02597402597403
3226762,2017-06-30,1.02597402597403
3226762,2017-09-30,1.02702702702703
3226762,2017-12-31,1.02739726027397
3226762,2018-03-31,1.02739726027397
3226762,2018-06-30,1.02739726027397
3226762,2018-09-30,1.02666666666667
3232316,2004-03-31,1.02406417112299
3232316,2004-06-30,1.02949061662198
3232316,2004-09-30,1.0299727520436
3232316,2004-12-31,1.02717391304348
3232316,2005-03-31,1.02702702702703
3232316,2005-06-30,1.02645502645503
3232316,2005-09-30,1.02631578947368
3232316,2005-12-31,1.02808988764045
3232316,2006-03-31,1.02808988764045
3232316,2006-06-30,1.02808988764045
3232316,2006-09-30,1.03333333333333
3232316,2006-12-31,1.03324099722992
3232316,2007-03-31,1.03448275862069
3232316,2007-06-30,1.03188405797101
3232316,2007-09-30,1.03179190751445
3232316,2007-12-31,1.03076923076923
3232316,2008-03-31,1.03105590062112
3232316,2008-06-30,1.03194888178914
3232316,2008-09-30,1.03215434083601
3232316,2008-12-31,1.03559870550162
3232316,2009-03-31,1.03548387096774
3232316,2009-06-30,1.03606557377049
3232316,2009-09-30,1.0364238410596
3232316,2009-12-31,1.04313725490196
3232316,2010-03-31,1.03535353535354
3232316,2010-06-30,1.03553299492386
3232316,2010-09-30,1.03571428571429
3232316,2010-12-31,1.03743315508021
3232316,2011-03-31,1.03763440860215
3232316,2011-06-30,1.03867403314917
3232316,2011-09-30,1.03867403314917
3232316,2011-12-31,1.04268292682927
3232316,2012-03-31,1.04294478527607
3232316,2012-06-30,1.04347826086957
3232316,2012-09-30,1.04430379746835
3232316,2012-12-31,1.04635761589404
3232316,2013-03-31,1.0472972972973
3232316,2013-06-30,1.04964539007092
3232316,2013-09-30,1.05035971223022
3232316,2013-12-31,1.05833333333333
3232316,2014-03-31,1.05833333333333
3232316,2014-06-30,1.05882352941176
3232316,2014-09-30,1.05982905982906
3232316,2014-12-31,1.05714285714286
3232316,2015-03-31,1.05769230769231
3232316,2015-06-30,1.05769230769231
3232316,2015-09-30,1.05940594059406
3232316,2015-12-31,1.06185567010309
3232316,2016-03-31,1.06185567010309
3232316,2016-06-30,1.06593406593407
3232316,2016-09-30,1.06741573033708
3232316,2016-12-31,1.05128205128205
3232316,2017-03-31,1.05128205128205
3232316,2017-06-30,1.05128205128205
3232316,2017-09-30,1.01369863013699
3232316,2017-12-31,1.01388888888889
3232316,2018-03-31,1.01785714285714
3232316,2018-06-30,1.02325581395349
3232316,2018-09-30,1.02564102564103
3242838,2004-09-30,1.0054347826087
3242838,2004-12-31,1.00561797752809
3242838,2005-03-31,1.00602409638554
3242838,2005-06-30,1.0059880239521
3242838,2005-09-30,1.00806451612903
3242838,2005-12-31,1.00813008130081
3242838,2006-03-31,1.00819672131148
3242838,2006-06-30,1.00806451612903
3242838,2006-09-30,1.00806451612903
3242838,2006-12-31,1.00735294117647
3242838,2007-03-31,1.0078125
3242838,2007-06-30,1.00833333333333
3242838,2007-09-30,1.00909090909091
3242838,2007-12-31,1.01010101010101
3242838,2008-03-31,1.01123595505618
3242838,2008-06-30,1.01111111111111
3242838,2008-09-30,1.01123595505618
3242838,2008-12-31,1.0125
3242838,2009-03-31,1.01298701298701
3242838,2009-06-30,1.01351351351351
3242838,2009-09-30,1.01408450704225
3242838,2009-12-31,1.01428571428571
3242838,2010-03-31,1.01449275362319
3242838,2010-06-30,1.01492537313433
3242838,2010-09-30,1.01538461538462
3242838,2010-12-31,1.015625
3242838,2011-03-31,1.015625
3242838,2011-06-30,1.01639344262295
3242838,2011-09-30,1.01666666666667
3242838,2011-12-31,1.01724137931034
3242838,2012-03-31,1.01754385964912
3242838,2012-06-30,1.025
3242838,2012-09-30,1.025
3242838,2012-12-31,1.025
3242838,2013-03-31,1.02631578947368
3242838,2013-06-30,1.02702702702703
3242838,2013-09-30,1.02941176470588
3242838,2013-12-31,1.04
3242838,2014-03-31,1.04166666666667
3242838,2014-06-30,1.04166666666667
3242838,2014-09-30,1.04166666666667
3242838,2014-12-31,1.04166666666667
3242838,2015-03-31,1.04
3242838,2015-06-30,1.04
3242838,2015-09-30,1.03846153846154
3242838,2015-12-31,1.03571428571429
3242838,2016-03-31,1.03571428571429
3242838,2016-06-30,1.03571428571429
3242838,2016-09-30,1.03571428571429
3242838,2016-12-31,1.02040816326531
3242838,2017-03-31,1.02040816326531
3242838,2017-06-30,1.02040816326531
3242838,2017-09-30,1.01960784313725
3242838,2017-12-31,1.01960784313725
3242838,2018-03-31,1.01960784313725
3242838,2018-06-30,1.01923076923077
3242838,2018-09-30,1.02222222222222
3587146,2007-09-30,1.06621392190153
3587146,2007-12-31,1.07202680067002
3587146,2008-03-31,1.07154471544715
3587146,2008-06-30,1.07096774193548
3587146,2008-09-30,1.07064364207221
3587146,2008-12-31,1.06446540880503
3587146,2009-03-31,1.06549520766773
3587146,2009-06-30,1.06507936507937
3587146,2009-09-30,1.0640625
3587146,2009-12-31,1.06855439642325
3587146,2010-03-31,1.07035928143713
3587146,2010-06-30,1.07153502235469
3587146,2010-09-30,1.06980056980057
3587146,2010-12-31,1.06790945406125
3587146,2011-03-31,1.05701754385965
3587146,2011-06-30,1.05773420479303
3587146,2011-09-30,1.05689277899344
3587146,2011-12-31,1.05830583058306
3587146,2012-03-31,1.05934065934066
3587146,2012-06-30,1.05940594059406
3587146,2012-09-30,1.06043956043956
3587146,2012-12-31,1.06004366812227
3587146,2013-03-31,1.06406080347448
3587146,2013-06-30,1.06387665198238
3587146,2013-09-30,1.06896551724138
3587146,2013-12-31,1.07111111111111
3587146,2014-03-31,1.07174392935982
3587146,2014-06-30,1.07198228128461
3587146,2014-09-30,1.07317073170732
3587146,2014-12-31,1.07424071991001
3587146,2015-03-31,1.07466063348416
3587146,2015-06-30,1.07604994324631
3587146,2015-09-30,1.07560137457045
3587146,2015-12-31,1.06993006993007
3587146,2016-03-31,1.06698564593301
3587146,2016-06-30,1.06408706166868
3587146,2016-09-30,1.06119951040392
3587146,2016-12-31,1.06879606879607
3587146,2017-03-31,1.07028360049322
3587146,2017-06-30,1.07421383647799
3587146,2017-09-30,1.07948717948718
3587146,2017-12-31,1.08129032258065
3587146,2018-03-31,1.08421052631579
3587146,2018-06-30,1.07877169559413
3587146,2018-09-30,1.08053691275168
3606542,2007-06-30,1.0188679245283
3606542,2007-09-30,1.01724137931034
3606542,2007-12-31,1.01724137931034
3606542,2008-03-31,1.01333333333333
3606542,2008-06-30,1.01333333333333
3606542,2008-09-30,1.01315789473684
3606542,2008-12-31,1.01538461538462
3606542,2009-03-31,1.01538461538462
3606542,2009-06-30,1.01694915254237
3606542,2009-09-30,1.01694915254237
3606542,2009-12-31,1.01694915254237
3606542,2010-03-31,1.01754385964912
3606542,2010-06-30,1.01408450704225
3606542,2010-09-30,1.01388888888889
3606542,2010-12-31,1.00909090909091
3606542,2011-03-31,1.00884955752212
3606542,2011-06-30,1.0077519379845
3606542,2011-09-30,1.00819672131148
3606542,2011-12-31,1.00813008130081
3606542,2012-03-31,1.00862068965517
3606542,2012-06-30,1.00909090909091
3606542,2012-09-30,1.00961538461538
3606542,2012-12-31,1.01
3606542,2013-03-31,1.01030927835052
3606542,2013-06-30,1.01052631578947
3606542,2013-09-30,1.01052631578947
3606542,2013-12-31,1.01063829787234
3606542,2014-03-31,1.01063829787234
3606542,2014-06-30,1.01063829787234
3606542,2014-09-30,1.01063829787234
3606542,2014-12-31,1.01063829787234
3606542,2015-03-31,1.01123595505618
3606542,2015-06-30,1.01123595505618
3606542,2015-09-30,1.01123595505618
3606542,2015-12-31,1.01149425287356
3606542,2016-03-31,1.01190476190476
3606542,2016-06-30,1.01176470588235
3606542,2016-09-30,1.01075268817204
3606542,2016-12-31,1.01098901098901
3606542,2017-03-31,1.01086956521739
3606542,2017-06-30,1.01111111111111
3606542,2017-09-30,1.00884955752212
3606542,2017-12-31,1.00917431192661
3606542,2018-03-31,1.00934579439252
3606542,2018-06-30,1.00961538461538
3606542,2018-09-30,1.00952380952381
3833526,2008-12-31,1.00858369098712
3833526,2009-03-31,1.01136363636364
3833526,2009-06-30,1.01153846153846
3833526,2009-09-30,1.01185770750988
3833526,2009-12-31,1.01224489795918
3833526,2010-03-31,1.01239669421488
3833526,2010-06-30,1.01271186440678
3833526,2010-09-30,1.01282051282051
3833526,2010-12-31,1.01298701298701
3833526,2011-03-31,1.01293103448276
3833526,2011-06-30,1.01287553648069
3833526,2011-09-30,1.01271186440678
3833526,2011-12-31,1.01315789473684
3833526,2012-03-31,1.01369863013699
3833526,2012-06-30,1.01369863013699
3833526,2012-09-30,1.01388888888889
3833526,2012-12-31,1.01421800947867
3833526,2013-03-31,1.00966183574879
3833526,2013-06-30,1.00985221674877
3833526,2013-09-30,1.00985221674877
3833526,2013-12-31,1.00990099009901
3833526,2014-03-31,1.01020408163265
3833526,2014-06-30,1.01075268817204
3833526,2014-09-30,1.01081081081081
3833526,2014-12-31,1.01020408163265
3833526,2015-03-31,1.01183431952663
3833526,2015-06-30,1.01219512195122
3833526,2015-09-30,1.0125
3833526,2015-12-31,1.02083333333333
3833526,2016-03-31,1.02325581395349
3833526,2016-06-30,1.02325581395349
3833526,2016-09-30,1.02409638554217
3833526,2016-12-31,1.02631578947368
3833526,2017-03-31,1.04166666666667
3833526,2017-06-30,1.04166666666667
3840207,1999-12-31,2
3840207,2000-03-31,2
3840207,2000-06-30,2
3840207,2000-09-30,2
3840207,2000-12-31,2
3840207,2001-03-31,2
3840207,2001-06-30,2
3840207,2001-09-30,2
3840207,2001-12-31,2
3840207,2002-03-31,2
3840207,2002-06-30,2
3840207,2002-09-30,2
3840207,2002-12-31,2
3840207,2003-03-31,2
3840207,2003-06-30,2
3840207,2003-09-30,2
3840207,2003-12-31,2
3840207,2004-03-31,2
3840207,2004-06-30,2
3840207,2004-09-30,2
3840207,2004-12-31,2
3840207,2005-03-31,2
3840207,2005-06-30,2
3840207,2005-09-30,2
3840207,2005-12-31,2
3840207,2006-03-31,2
3840207,2006-06-30,2
3840207,2006-09-30,2
3840207,2006-12-31,2
3840207,2007-03-31,2
3840207,2007-06-30,2
3840207,2007-09-30,2
3840207,2007-12-31,2
3840207,2008-03-31,2
3840207,2008-06-30,2
3840207,2008-09-30,2
3840207,2008-12-31,2
3840207,2009-03-31,2
3840207,2009-06-30,2
3840207,2009-09-30,2
3840207,2009-12-31,2
3840207,2010-03-31,2
3840207,2010-06-30,2
3840207,2010-09-30,2
3840207,2010-12-31,2
3840207,2011-03-31,2
3840207,2011-06-30,2
3840207,2011-09-30,1.04
3840207,2011-12-31,1.04
3840207,2012-03-31,1.04
3840207,2012-06-30,1.04
3840207,2012-09-30,1.04
3840207,2012-12-31,1.11290322580645
3840207,2013-03-31,1.11475409836066
3840207,2013-06-30,1.11475409836066
3840207,2013-09-30,1.10769230769231
3840207,2013-12-31,1.11111111111111
3840207,2014-03-31,1.109375
3840207,2014-06-30,1.10606060606061
3840207,2014-09-30,1.10144927536232
3840207,2014-12-31,1.1
3840207,2015-03-31,1.10144927536232
3840207,2015-06-30,1.10144927536232
3840207,2015-09-30,1.09859154929577
3840207,2015-12-31,1.15789473684211
3840207,2016-03-31,1.15584415584416
3840207,2016-06-30,1.15384615384615
3840207,2016-09-30,1.15384615384615
3840207,2016-12-31,1.15384615384615
3840207,2017-03-31,1.15189873417722
3840207,2017-06-30,1.15584415584416
3840207,2017-09-30,1.16666666666667
3840207,2017-12-31,1.16666666666667
3840207,2018-03-31,1.16666666666667
3840207,2018-06-30,1.16666666666667
3840207,2018-09-30,1.16438356164384
3846375,2009-03-31,1.05263157894737
3846375,2009-06-30,1.05
3846375,2009-09-30,1.05
3846375,2009-12-31,1.05
3846375,2010-03-31,1.05
3846375,2010-06-30,1.04761904761905
3846375,2010-09-30,1.04545454545455
3846375,2010-12-31,1.04545454545455
3846375,2011-03-31,1.04
3846375,2011-06-30,1.03703703703704
3846375,2011-09-30,1.03571428571429
3846375,2011-12-31,1.03448275862069
3846375,2012-03-31,1.03448275862069
3846375,2012-06-30,1.03225806451613
3846375,2012-09-30,1.03030303030303
3846375,2012-12-31,1.03030303030303
3846375,2013-03-31,1.02941176470588
3846375,2013-06-30,1.02702702702703
3846375,2013-09-30,1.02702702702703
3846375,2013-12-31,1.02702702702703
3846375,2014-03-31,1.02702702702703
3846375,2014-06-30,1.02702702702703
3846375,2014-09-30,1.02941176470588
3846375,2014-12-31,1.02941176470588
3846375,2015-03-31,1.03030303030303
3846375,2015-06-30,1.02857142857143
3846375,2015-09-30,1.02857142857143
3846375,2015-12-31,1.03125
3846375,2016-03-31,1.03125
3846375,2016-06-30,1.03333333333333
3846375,2016-09-30,1.03333333333333
3846375,2016-12-31,1.03333333333333
3846375,2017-03-31,1.03333333333333
3846375,2017-06-30,1.03448275862069
3846375,2017-09-30,1.03448275862069
3846375,2017-12-31,1.03448275862069
3846375,2018-03-31,1.03571428571429
3846375,2018-06-30,1.03571428571429
3846375,2018-09-30,1.03571428571429
3853449,2006-03-31,1.75
3853449,2006-06-30,2
3853449,2006-09-30,2
3853449,2006-12-31,2
3853449,2007-03-31,2
3853449,2007-06-30,2
3853449,2007-09-30,2
3853449,2007-12-31,2
3853449,2008-03-31,2
3853449,2008-06-30,2
3853449,2008-09-30,2
3853449,2008-12-31,2
3853449,2009-03-31,2
3853449,2009-06-30,2
3853449,2009-09-30,2
3853449,2009-12-31,2
3853449,2010-03-31,2
3853449,2010-06-30,2
3853449,2010-09-30,2
3853449,2010-12-31,2
3853449,2011-03-31,2
3853449,2011-06-30,1.25
3853449,2011-09-30,1.01098901098901
3853449,2011-12-31,1.01098901098901
3853449,2012-03-31,1.01098901098901
3853449,2012-06-30,1.01098901098901
3853449,2012-09-30,1.01098901098901
3853449,2012-12-31,1.00729927007299
3853449,2013-03-31,1.00719424460432
3853449,2013-06-30,1.00719424460432
3853449,2013-09-30,1.00719424460432
3853449,2013-12-31,1.00709219858156
3981856,2010-03-31,1.08
3981856,2010-06-30,1.08333333333333
3981856,2010-09-30,1.07843137254902
3981856,2010-12-31,1.07407407407407
3981856,2011-03-31,1.05454545454545
3981856,2011-06-30,1.05357142857143
3981856,2011-09-30,1.05263157894737
3981856,2011-12-31,1.05172413793103
3981856,2012-03-31,1.03174603174603
3981856,2012-06-30,1.03076923076923
3981856,2012-09-30,1.03225806451613
3981856,2012-12-31,1.03225806451613
3981856,2013-03-31,1.03076923076923
3981856,2013-06-30,1.02985074626866
3981856,2013-09-30,1.02631578947368
3981856,2013-12-31,1.025
3981856,2014-03-31,1.02352941176471
3981856,2014-06-30,1.02150537634409
3981856,2014-09-30,1.02127659574468
3981856,2014-12-31,1.02105263157895
3981856,2015-03-31,1.02105263157895
3981856,2015-06-30,1.0188679245283
3981856,2015-09-30,1.0188679245283
3981856,2015-12-31,1.01801801801802
3981856,2016-03-31,1.01754385964912
3981856,2016-06-30,1.01709401709402
3981856,2016-09-30,1.01587301587302
3981856,2016-12-31,1.015625
3981856,2017-03-31,1.01574803149606
3981856,2017-06-30,1.01574803149606
3981856,2017-09-30,1.016
3981856,2017-12-31,1.016
3981856,2018-03-31,1.01639344262295
3981856,2018-06-30,1.01612903225806
3981856,2018-09-30,1.01666666666667
4846998,2016-09-30,1.04901960784314
4846998,2016-12-31,1.05208333333333
4846998,2017-03-31,1.05376344086022
4846998,2017-06-30,1.15454545454545
4846998,2017-09-30,1.18691588785047
4846998,2017-12-31,1.19047619047619
4846998,2018-03-31,1.19607843137255
4846998,2018-06-30,1.19417475728155
4846998,2018-09-30,1.19417475728155
5006575,2016-09-30,1.17333333333333
5006575,2016-12-31,1.19117647058824
5006575,2017-03-31,1.17808219178082
5006575,2017-06-30,1.16049382716049
5006575,2017-09-30,1.2
5006575,2017-12-31,1.20512820512821
5006575,2018-03-31,1.16470588235294
5006575,2018-06-30,1.15909090909091
5006575,2018-09-30,1.14736842105263
